Workbook

Sheet Export Table
A1: KEY | E1: Section Name | F1: Setup Location | G1: Setup Sub-Location | H1: Sub-Setup Assembly | I1: IO type | J1: Zone | K1: Device Type | L1: Device Tag | M1: Device Location | N1: Circuit | O1: Power Source | P1: Status | R1: Cell Count
A2: Abbrev. | B2: Name | C2: Rows | E2: AC Body | F2: =EXP_AC[[#This Row],[Setup Location]] -> HPS | G2: =EXP_AC[[#This Row],[Setup Sub-Location]] -> AC-A | H2: =EXP_AC[[#This Row],[Sub-Setup Assembly]] -> Vessel | I2: =EXP_AC[[#This Row],[IO type]] -> 0 | J2: =EXP_AC[[#This Row],[Zone]] -> AC Body | K2: =EXP_AC[[#This Row],[Device Type]] -> Old 1" | L2: =EXP_AC[[#This Row],[Device Tag]] -> A | M2: =EXP_AC[[#This Row],[Device Location]] -> 0 | N2: =EXP_AC[[#This Row],[Circuit]] -> 0 | O2: =EXP_AC[[#This Row],[Power Source]] -> 0 | P2: =EXP_AC[[#This Row],[Status]] -> Active | R2: 1
A3: AC | B3: Autoclave Body | C3: 100 | E3: AC Body | F3: =EXP_AC[[#This Row],[Setup Location]] -> HPS | G3: =EXP_AC[[#This Row],[Setup Sub-Location]] -> AC-AA | H3: =EXP_AC[[#This Row],[Sub-Setup Assembly]] -> Vessel | I3: =EXP_AC[[#This Row],[IO type]] -> 0 | J3: =EXP_AC[[#This Row],[Zone]] -> AC Body | K3: =EXP_AC[[#This Row],[Device Type]] -> New 1" - Bar Seal | L3: =EXP_AC[[#This Row],[Device Tag]] -> AA | M3: =EXP_AC[[#This Row],[Device Location]] -> 0 | N3: =EXP_AC[[#This Row],[Circuit]] -> 0 | O3: =EXP_AC[[#This Row],[Power Source]] -> 0 | P3: =EXP_AC[[#This Row],[Status]] -> Design | R3: =R2+1 -> 2
A4: AD | B4: Adaptors | C4: 110 | E4: AC Body | F4: =EXP_AC[[#This Row],[Setup Location]] -> HPS | G4: =EXP_AC[[#This Row],[Setup Sub-Location]] -> AC-AB | H4: =EXP_AC[[#This Row],[Sub-Setup Assembly]] -> Vessel | I4: =EXP_AC[[#This Row],[IO type]] -> 0 | J4: =EXP_AC[[#This Row],[Zone]] -> AC Body | K4: =EXP_AC[[#This Row],[Device Type]] -> New 1" - Keyed | L4: =EXP_AC[[#This Row],[Device Tag]] -> AB | M4: =EXP_AC[[#This Row],[Device Location]] -> 0 | N4: =EXP_AC[[#This Row],[Circuit]] -> 0 | O4: =EXP_AC[[#This Row],[Power Source]] -> 0 | P4: =EXP_AC[[#This Row],[Status]] -> Design | R4: =R3+1 -> 3
A5: CR | B5: Crosses | C5: 60 | E5: AC Body | F5: =EXP_AC[[#This Row],[Setup Location]] -> HPS | G5: =EXP_AC[[#This Row],[Setup Sub-Location]] -> AC-AC | H5: =EXP_AC[[#This Row],[Sub-Setup Assembly]] -> Vessel | I5: =EXP_AC[[#This Row],[IO type]] -> 0 | J5: =EXP_AC[[#This Row],[Zone]] -> AC Body | K5: =EXP_AC[[#This Row],[Device Type]] -> TZM-13-260-10 | L5: =EXP_AC[[#This Row],[Device Tag]] -> AC | M5: =EXP_AC[[#This Row],[Device Location]] -> 0 | N5: =EXP_AC[[#This Row],[Circuit]] -> 0 | O5: =EXP_AC[[#This Row],[Power Source]] -> 0 | P5: =EXP_AC[[#This Row],[Status]] -> New | R5: =R4+1 -> 4
A6: CUP | B6: Couplings | C6: 50 | E6: AC Body | F6: =EXP_AC[[#This Row],[Setup Location]] -> HPS | G6: =EXP_AC[[#This Row],[Setup Sub-Location]] -> AC-AD | H6: =EXP_AC[[#This Row],[Sub-Setup Assembly]] -> Vessel | I6: =EXP_AC[[#This Row],[IO type]] -> 0 | J6: =EXP_AC[[#This Row],[Zone]] -> AC Body | K6: =EXP_AC[[#This Row],[Device Type]] -> 76OD-20ID-TZM | L6: =EXP_AC[[#This Row],[Device Tag]] -> AD | M6: =EXP_AC[[#This Row],[Device Location]] -> 0 | N6: =EXP_AC[[#This Row],[Circuit]] -> 0 | O6: =EXP_AC[[#This Row],[Power Source]] -> 0 | P6: =EXP_AC[[#This Row],[Status]] -> Design | R6: =R5+1 -> 5
A7: EL | B7: Elbows | C7: 50 | E7: AC Body | F7: =EXP_AC[[#This Row],[Setup Location]] -> HPS | G7: =EXP_AC[[#This Row],[Setup Sub-Location]] -> AC-AE | H7: =EXP_AC[[#This Row],[Sub-Setup Assembly]] -> Vessel | I7: =EXP_AC[[#This Row],[IO type]] -> 0 | J7: =EXP_AC[[#This Row],[Zone]] -> AC Body | K7: =EXP_AC[[#This Row],[Device Type]] -> 76OD-20ID-TZM-Thread | L7: =EXP_AC[[#This Row],[Device Tag]] -> AE | M7: =EXP_AC[[#This Row],[Device Location]] -> 0 | N7: =EXP_AC[[#This Row],[Circuit]] -> 0 | O7: =EXP_AC[[#This Row],[Power Source]] -> 0 | P7: =EXP_AC[[#This Row],[Status]] -> Design | R7: =R6+1 -> 6
A8: FI | B8: Filters | C8: 50 | E8: AC Body | F8: =EXP_AC[[#This Row],[Setup Location]] -> HPS | G8: =EXP_AC[[#This Row],[Setup Sub-Location]] -> AC-AF | H8: =EXP_AC[[#This Row],[Sub-Setup Assembly]] -> Vessel | I8: =EXP_AC[[#This Row],[IO type]] -> 0 | J8: =EXP_AC[[#This Row],[Zone]] -> AC Body | K8: =EXP_AC[[#This Row],[Device Type]] -> 76OD-50ID-TZM-Thread-Hemi | L8: =EXP_AC[[#This Row],[Device Tag]] -> AF | M8: =EXP_AC[[#This Row],[Device Location]] -> 0 | N8: =EXP_AC[[#This Row],[Circuit]] -> 0 | O8: =EXP_AC[[#This Row],[Power Source]] -> 0 | P8: =EXP_AC[[#This Row],[Status]] -> Design | R8: =R7+1 -> 7
A9: FUR | B9: Furniture | C9: 400 | E9: AC Body | F9: =EXP_AC[[#This Row],[Setup Location]] -> HPS | G9: =EXP_AC[[#This Row],[Setup Sub-Location]] -> AC-AG | H9: =EXP_AC[[#This Row],[Sub-Setup Assembly]] -> Vessel | I9: =EXP_AC[[#This Row],[IO type]] -> 0 | J9: =EXP_AC[[#This Row],[Zone]] -> AC Body | K9: =EXP_AC[[#This Row],[Device Type]] -> 90OD-70ID-TZM | L9: =EXP_AC[[#This Row],[Device Tag]] -> AG | M9: =EXP_AC[[#This Row],[Device Location]] -> 0 | N9: =EXP_AC[[#This Row],[Circuit]] -> 0 | O9: =EXP_AC[[#This Row],[Power Source]] -> 0 | P9: =EXP_AC[[#This Row],[Status]] -> Design | R9: =R8+1 -> 8
A10: GKT | B10: Gaskets | C10: 100 | E10: AC Body | F10: =EXP_AC[[#This Row],[Setup Location]] -> HPS | G10: =EXP_AC[[#This Row],[Setup Sub-Location]] -> AC-B | H10: =EXP_AC[[#This Row],[Sub-Setup Assembly]] -> Vessel | I10: =EXP_AC[[#This Row],[IO type]] -> 0 | J10: =EXP_AC[[#This Row],[Zone]] -> AC Body | K10: =EXP_AC[[#This Row],[Device Type]] -> Short 1" - Rene 41 | L10: =EXP_AC[[#This Row],[Device Tag]] -> B | M10: =EXP_AC[[#This Row],[Device Location]] -> 0 | N10: =EXP_AC[[#This Row],[Circuit]] -> 0 | O10: =EXP_AC[[#This Row],[Power Source]] -> 0 | P10: =EXP_AC[[#This Row],[Status]] -> Active | R10: =R9+1 -> 9
A11: GN | B11: Grand Nuts | C11: 100 | E11: AC Body | F11: =EXP_AC[[#This Row],[Setup Location]] -> HPS | G11: =EXP_AC[[#This Row],[Setup Sub-Location]] -> AC-C | H11: =EXP_AC[[#This Row],[Sub-Setup Assembly]] -> Vessel | I11: =EXP_AC[[#This Row],[IO type]] -> 0 | J11: =EXP_AC[[#This Row],[Zone]] -> AC Body | K11: =EXP_AC[[#This Row],[Device Type]] -> Short 1" - Rene 41 | L11: =EXP_AC[[#This Row],[Device Tag]] -> C | M11: =EXP_AC[[#This Row],[Device Location]] -> 0 | N11: =EXP_AC[[#This Row],[Circuit]] -> 0 | O11: =EXP_AC[[#This Row],[Power Source]] -> 0 | P11: =EXP_AC[[#This Row],[Status]] -> Active | R11: =R10+1 -> 10
A12: HDA | B12: Head Assemblies | C12: 0 | E12: AC Body | F12: =EXP_AC[[#This Row],[Setup Location]] -> HPS | G12: =EXP_AC[[#This Row],[Setup Sub-Location]] -> AC-D | H12: =EXP_AC[[#This Row],[Sub-Setup Assembly]] -> Vessel | I12: =EXP_AC[[#This Row],[IO type]] -> 0 | J12: =EXP_AC[[#This Row],[Zone]] -> AC Body | K12: =EXP_AC[[#This Row],[Device Type]] -> Short 1" - Rene 41 | L12: =EXP_AC[[#This Row],[Device Tag]] -> D | M12: =EXP_AC[[#This Row],[Device Location]] -> 0 | N12: =EXP_AC[[#This Row],[Circuit]] -> 0 | O12: =EXP_AC[[#This Row],[Power Source]] -> 0 | P12: =EXP_AC[[#This Row],[Status]] -> Active | R12: =R11+1 -> 11
A13: NUT | B13: Nuts | C13: 100 | E13: AC Body | F13: =EXP_AC[[#This Row],[Setup Location]] -> HPS | G13: =EXP_AC[[#This Row],[Setup Sub-Location]] -> AC-DUM-1 | H13: =EXP_AC[[#This Row],[Sub-Setup Assembly]] -> Vessel | I13: =EXP_AC[[#This Row],[IO type]] -> 0 | J13: =EXP_AC[[#This Row],[Zone]] -> AC Body | K13: =EXP_AC[[#This Row],[Device Type]] -> SS Dummy | L13: =EXP_AC[[#This Row],[Device Tag]] -> DUM-1 | M13: =EXP_AC[[#This Row],[Device Location]] -> 0 | N13: =EXP_AC[[#This Row],[Circuit]] -> 0 | O13: =EXP_AC[[#This Row],[Power Source]] -> 0 | P13: =EXP_AC[[#This Row],[Status]] -> Active | R13: =R12+1 -> 12
A14: NV | B14: Needle Valves | C14: 150 | E14: AC Body | F14: =EXP_AC[[#This Row],[Setup Location]] -> HPS | G14: =EXP_AC[[#This Row],[Setup Sub-Location]] -> AC-E | H14: =EXP_AC[[#This Row],[Sub-Setup Assembly]] -> Vessel | I14: =EXP_AC[[#This Row],[IO type]] -> 0 | J14: =EXP_AC[[#This Row],[Zone]] -> AC Body | K14: =EXP_AC[[#This Row],[Device Type]] -> Short 1" - Inconel | L14: =EXP_AC[[#This Row],[Device Tag]] -> E | M14: =EXP_AC[[#This Row],[Device Location]] -> 0 | N14: =EXP_AC[[#This Row],[Circuit]] -> 0 | O14: =EXP_AC[[#This Row],[Power Source]] -> 0 | P14: =EXP_AC[[#This Row],[Status]] -> Active | R14: =R13+1 -> 13
... A21: TW | B21: Thrust Washer | C21: 50 | E21: AC Body | F21: =EXP_AC[[#This Row],[Setup Location]] -> HPS | G21: =EXP_AC[[#This Row],[Setup Sub-Location]] -> AC-N | H21: =EXP_AC[[#This Row],[Sub-Setup Assembly]] -> Vessel | I21: =EXP_AC[[#This Row],[IO type]] -> 0 | J21: =EXP_AC[[#This Row],[Zone]] -> AC Body | K21: =EXP_AC[[#This Row],[Device Type]] -> New 1" | L21: =EXP_AC[[#This Row],[Device Tag]] -> N | M21: =EXP_AC[[#This Row],[Device Location]] -> 0 | N21: =EXP_AC[[#This Row],[Circuit]] -> 0 | O21: =EXP_AC[[#This Row],[Power Source]] -> 0 | P21: =EXP_AC[[#This Row],[Status]] -> UCSB | R21: =R20+1 -> 20
E22: AC Body | F22: =EXP_AC[[#This Row],[Setup Location]] -> HPS | G22: =EXP_AC[[#This Row],[Setup Sub-Location]] -> AC-P | H22: =EXP_AC[[#This Row],[Sub-Setup Assembly]] -> Vessel | I22: =EXP_AC[[#This Row],[IO type]] -> 0 | J22: =EXP_AC[[#This Row],[Zone]] -> AC Body | K22: =EXP_AC[[#This Row],[Device Type]] -> New 1" | L22: =EXP_AC[[#This Row],[Device Tag]] -> P | M22: =EXP_AC[[#This Row],[Device Location]] -> 0 | N22: =EXP_AC[[#This Row],[Circuit]] -> 0 | O22: =EXP_AC[[#This Row],[Power Source]] -> 0 | P22: =EXP_AC[[#This Row],[Status]] -> Active | R22: =R21+1 -> 21
E23: AC Body | F23: =EXP_AC[[#This Row],[Setup Location]] -> HPS | G23: =EXP_AC[[#This Row],[Setup Sub-Location]] -> AC-Parr | H23: =EXP_AC[[#This Row],[Sub-Setup Assembly]] -> Vessel | I23: =EXP_AC[[#This Row],[IO type]] -> 0 | J23: =EXP_AC[[#This Row],[Zone]] -> AC Body | K23: =EXP_AC[[#This Row],[Device Type]] -> Parr 4" | L23: =EXP_AC[[#This Row],[Device Tag]] -> Parr | M23: =EXP_AC[[#This Row],[Device Location]] -> 0 | N23: =EXP_AC[[#This Row],[Circuit]] -> 0 | O23: =EXP_AC[[#This Row],[Power Source]] -> 0 | P23: =EXP_AC[[#This Row],[Status]] -> Active | R23: =R22+1 -> 22
E24: AC Body | F24: =EXP_AC[[#This Row],[Setup Location]] -> HPS | G24: =EXP_AC[[#This Row],[Setup Sub-Location]] -> AC-Q | H24: =EXP_AC[[#This Row],[Sub-Setup Assembly]] -> Vessel | I24: =EXP_AC[[#This Row],[IO type]] -> 0 | J24: =EXP_AC[[#This Row],[Zone]] -> AC Body | K24: =EXP_AC[[#This Row],[Device Type]] -> New 1" | L24: =EXP_AC[[#This Row],[Device Tag]] -> Q | M24: =EXP_AC[[#This Row],[Device Location]] -> 0 | N24: =EXP_AC[[#This Row],[Circuit]] -> 0 | O24: =EXP_AC[[#This Row],[Power Source]] -> 0 | P24: =EXP_AC[[#This Row],[Status]] -> Active | R24: =R23+1 -> 23
E25: AC Body | F25: =EXP_AC[[#This Row],[Setup Location]] -> HPS | G25: =EXP_AC[[#This Row],[Setup Sub-Location]] -> AC-R | H25: =EXP_AC[[#This Row],[Sub-Setup Assembly]] -> Vessel | I25: =EXP_AC[[#This Row],[IO type]] -> 0 | J25: =EXP_AC[[#This Row],[Zone]] -> AC Body | K25: =EXP_AC[[#This Row],[Device Type]] -> New 1" | L25: =EXP_AC[[#This Row],[Device Tag]] -> R | M25: =EXP_AC[[#This Row],[Device Location]] -> 0 | N25: =EXP_AC[[#This Row],[Circuit]] -> 0 | O25: =EXP_AC[[#This Row],[Power Source]] -> 0 | P25: =EXP_AC[[#This Row],[Status]] -> Active | R25: =R24+1 -> 24
E26: AC Body | F26: =EXP_AC[[#This Row],[Setup Location]] -> HPS | G26: =EXP_AC[[#This Row],[Setup Sub-Location]] -> AC-TA | H26: =EXP_AC[[#This Row],[Sub-Setup Assembly]] -> Vessel | I26: =EXP_AC[[#This Row],[IO type]] -> 0 | J26: =EXP_AC[[#This Row],[Zone]] -> AC Body | K26: =EXP_AC[[#This Row],[Device Type]] -> TZM-13-260-10 | L26: =EXP_AC[[#This Row],[Device Tag]] -> TA | M26: =EXP_AC[[#This Row],[Device Location]] -> 0 | N26: =EXP_AC[[#This Row],[Circuit]] -> 0 | O26: =EXP_AC[[#This Row],[Power Source]] -> 0 | P26: =EXP_AC[[#This Row],[Status]] -> Active | R26: =R25+1 -> 25
E27: AC Body | F27: =EXP_AC[[#This Row],[Setup Location]] -> HPS | G27: =EXP_AC[[#This Row],[Setup Sub-Location]] -> AC-TB | H27: =EXP_AC[[#This Row],[Sub-Setup Assembly]] -> Vessel | I27: =EXP_AC[[#This Row],[IO type]] -> 0 | J27: =EXP_AC[[#This Row],[Zone]] -> AC Body | K27: =EXP_AC[[#This Row],[Device Type]] -> TZM-13-260-10 | L27: =EXP_AC[[#This Row],[Device Tag]] -> TB | M27: =EXP_AC[[#This Row],[Device Location]] -> 0 | N27: =EXP_AC[[#This Row],[Circuit]] -> 0 | O27: =EXP_AC[[#This Row],[Power Source]] -> 0 | P27: =EXP_AC[[#This Row],[Status]] -> Active | R27: =R26+1 -> 26
E28: AC Body | F28: =EXP_AC[[#This Row],[Setup Location]] -> HPS | G28: =EXP_AC[[#This Row],[Setup Sub-Location]] -> AC-TC | H28: =EXP_AC[[#This Row],[Sub-Setup Assembly]] -> Vessel | I28: =EXP_AC[[#This Row],[IO type]] -> 0 | J28: =EXP_AC[[#This Row],[Zone]] -> AC Body | K28: =EXP_AC[[#This Row],[Device Type]] -> TZM-13-260-10 | L28: =EXP_AC[[#This Row],[Device Tag]] -> TC | M28: =EXP_AC[[#This Row],[Device Location]] -> 0 | N28: =EXP_AC[[#This Row],[Circuit]] -> 0 | O28: =EXP_AC[[#This Row],[Power Source]] -> 0 | P28: =EXP_AC[[#This Row],[Status]] -> Active | R28: =R27+1 -> 27
E29: AC Body | F29: =EXP_AC[[#This Row],[Setup Location]] -> HPS | G29: =EXP_AC[[#This Row],[Setup Sub-Location]] -> AC-TD | H29: =EXP_AC[[#This Row],[Sub-Setup Assembly]] -> Vessel | I29: =EXP_AC[[#This Row],[IO type]] -> 0 | J29: =EXP_AC[[#This Row],[Zone]] -> AC Body | K29: =EXP_AC[[#This Row],[Device Type]] -> TZM-13-260-10 | L29: =EXP_AC[[#This Row],[Device Tag]] -> TD | M29: =EXP_AC[[#This Row],[Device Location]] -> 0 | N29: =EXP_AC[[#This Row],[Circuit]] -> 0 | O29: =EXP_AC[[#This Row],[Power Source]] -> 0 | P29: =EXP_AC[[#This Row],[Status]] -> Active | R29: =R28+1 -> 28
E30: AC Body | F30: =EXP_AC[[#This Row],[Setup Location]] -> HPS | G30: =EXP_AC[[#This Row],[Setup Sub-Location]] -> AC-TE | H30: =EXP_AC[[#This Row],[Sub-Setup Assembly]] -> Vessel | I30: =EXP_AC[[#This Row],[IO type]] -> 0 | J30: =EXP_AC[[#This Row],[Zone]] -> AC Body | K30: =EXP_AC[[#This Row],[Device Type]] -> TZM-13-260-10 | L30: =EXP_AC[[#This Row],[Device Tag]] -> TE | M30: =EXP_AC[[#This Row],[Device Location]] -> 0 | N30: =EXP_AC[[#This Row],[Circuit]] -> 0 | O30: =EXP_AC[[#This Row],[Power Source]] -> 0 | P30: =EXP_AC[[#This Row],[Status]] -> Active | R30: =R29+1 -> 29
E31: AC Body | F31: =EXP_AC[[#This Row],[Setup Location]] -> HPS | G31: =EXP_AC[[#This Row],[Setup Sub-Location]] -> AC-TF | H31: =EXP_AC[[#This Row],[Sub-Setup Assembly]] -> Vessel | I31: =EXP_AC[[#This Row],[IO type]] -> 0 | J31: =EXP_AC[[#This Row],[Zone]] -> AC Body | K31: =EXP_AC[[#This Row],[Device Type]] -> TZM-13-260-13 | L31: =EXP_AC[[#This Row],[Device Tag]] -> TF | M31: =EXP_AC[[#This Row],[Device Location]] -> 0 | N31: =EXP_AC[[#This Row],[Circuit]] -> 0 | O31: =EXP_AC[[#This Row],[Power Source]] -> 0 | P31: =EXP_AC[[#This Row],[Status]] -> New | R31: =R30+1 -> 30
E32: AC Body | F32: =EXP_AC[[#This Row],[Setup Location]] -> HPS | G32: =EXP_AC[[#This Row],[Setup Sub-Location]] -> AC-TG | H32: =EXP_AC[[#This Row],[Sub-Setup Assembly]] -> Vessel | I32: =EXP_AC[[#This Row],[IO type]] -> 0 | J32: =EXP_AC[[#This Row],[Zone]] -> AC Body | K32: =EXP_AC[[#This Row],[Device Type]] -> TZM-13-260-10-DE | L32: =EXP_AC[[#This Row],[Device Tag]] -> TG | M32: =EXP_AC[[#This Row],[Device Location]] -> 0 | N32: =EXP_AC[[#This Row],[Circuit]] -> 0 | O32: =EXP_AC[[#This Row],[Power Source]] -> 0 | P32: =EXP_AC[[#This Row],[Status]] -> New | R32: =R31+1 -> 31
E33: AC Body | F33: =EXP_AC[[#This Row],[Setup Location]] -> HPS | G33: =EXP_AC[[#This Row],[Setup Sub-Location]] -> AC-Z | H33: =EXP_AC[[#This Row],[Sub-Setup Assembly]] -> Vessel | I33: =EXP_AC[[#This Row],[IO type]] -> 0 | J33: =EXP_AC[[#This Row],[Zone]] -> AC Body | K33: =EXP_AC[[#This Row],[Device Type]] -> 2" | L33: =EXP_AC[[#This Row],[Device Tag]] -> Z | M33: =EXP_AC[[#This Row],[Device Location]] -> 0 | N33: =EXP_AC[[#This Row],[Circuit]] -> 0 | O33: =EXP_AC[[#This Row],[Power Source]] -> 0 | P33: =EXP_AC[[#This Row],[Status]] -> UCSB | R33: =R32+1 -> 32
... E101: AC Body | F101: =EXP_AC[[#This Row],[Setup Location]] -> HPS | G101: =EXP_AC[[#This Row],[Setup Sub-Location]] -> 0 | H101: =EXP_AC[[#This Row],[Sub-Setup Assembly]] -> Vessel | I101: =EXP_AC[[#This Row],[IO type]] -> 0 | J101: =EXP_AC[[#This Row],[Zone]] -> 0 | K101: =EXP_AC[[#This Row],[Device Type]] -> 0 | L101: =EXP_AC[[#This Row],[Device Tag]] -> #VALUE! | M101: =EXP_AC[[#This Row],[Device Location]] -> 0 | N101: =EXP_AC[[#This Row],[Circuit]] -> 0 | O101: =EXP_AC[[#This Row],[Power Source]] -> 0 | P101: =EXP_AC[[#This Row],[Status]] | R101: =R100+1 -> 100
E102: Adaptor | F102: =AD!CA2 -> HPS | G102: =AD!CB2 -> AC | H102: =AD!CC2 -> Vessel | I102: =AD!CD2 -> 0 | J102: =AD!CE2 -> Adaptors | K102: =AD!CF2 -> 60-21HF4HF6 | L102: =AD!CG2 -> AD-K2 | M102: =AD!CH2 -> 0 | ... P102: =AD!CK2 -> Superceded | R102: =R101+1 -> 101
E103: Adaptor | F103: =AD!CA3 -> HPS | G103: =AD!CB3 -> AC | H103: =AD!CC3 -> Vessel | I103: =AD!CD3 -> 0 | J103: =AD!CE3 -> Adaptors | K103: =AD!CF3 -> 60-21HF4HF6 | L103: =AD!CG3 -> AD-L1 | M103: =AD!CH3 -> 0 | ... P103: =AD!CK3 -> Superceded | R103: =R102+1 -> 102
E104: Adaptor | F104: =AD!CA4 -> HPS | G104: =AD!CB4 -> AC | H104: =AD!CC4 -> Vessel | I104: =AD!CD4 -> 0 | J104: =AD!CE4 -> Adaptors | K104: =AD!CF4 -> 60-21HF4HF6 | L104: =AD!CG4 -> AD-N1 | M104: =AD!CH4 -> 0 | ... P104: =AD!CK4 -> Superceded | R104: =R103+1 -> 103
E105: Adaptor | F105: =AD!CA5 -> HPS | G105: =AD!CB5 -> AC | H105: =AD!CC5 -> Vessel | I105: =AD!CD5 -> 0 | J105: =AD!CE5 -> Adaptors | K105: =AD!CF5 -> 60-21HF4HF6 | L105: =AD!CG5 -> AD-P1 | M105: =AD!CH5 -> 0 | ... P105: =AD!CK5 -> Superceded | R105: =R104+1 -> 104
E106: Adaptor | F106: =AD!CA6 -> HPS | G106: =AD!CB6 -> AC | H106: =AD!CC6 -> Vessel | I106: =AD!CD6 -> 0 | J106: =AD!CE6 -> Adaptors | K106: =AD!CF6 -> 60-21HF4HF6 | L106: =AD!CG6 -> AD-Q1 | M106: =AD!CH6 -> 0 | ... P106: =AD!CK6 -> Superceded | R106: =R105+1 -> 105
E107: Adaptor | F107: =AD!CA7 -> HPS | G107: =AD!CB7 -> AC | H107: =AD!CC7 -> Vessel | I107: =AD!CD7 -> 0 | J107: =AD!CE7 -> Adaptors | K107: =AD!CF7 -> 60-21HF4HF6 | L107: =AD!CG7 -> AD-R1 | M107: =AD!CH7 -> 0 | ... P107: =AD!CK7 -> Superceded | R107: =R106+1 -> 106
E108: Adaptor | F108: =AD!CA8 -> HPS | G108: =AD!CB8 -> AC | H108: =AD!CC8 -> Vessel | I108: =AD!CD8 -> 0 | J108: =AD!CE8 -> Adaptors | K108: =AD!CF8 -> 60-21HF6HM4 | L108: =AD!CG8 -> AD-1 | M108: =AD!CH8 -> 0 | ... P108: =AD!CK8 -> Active | R108: =R107+1 -> 107
E109: Adaptor | F109: =AD!CA9 -> HPS | G109: =AD!CB9 -> AC | H109: =AD!CC9 -> Vessel | I109: =AD!CD9 -> 0 | J109: =AD!CE9 -> Adaptors | K109: =AD!CF9 -> 60-21HF6HM4 | L109: =AD!CG9 -> AD-2 | M109: =AD!CH9 -> 0 | ... P109: =AD!CK9 -> Active | R109: =R108+1 -> 108
E110: Adaptor | F110: =AD!CA10 -> HPS | G110: =AD!CB10 -> AC | H110: =AD!CC10 -> Vessel | I110: =AD!CD10 -> 0 | J110: =AD!CE10 -> Adaptors | K110: =AD!CF10 -> 60-21HF6HM4 | L110: =AD!CG10 -> AD-3 | M110: =AD!CH10 -> 0 | ... P110: =AD!CK10 -> Active | R110: =R109+1 -> 109
E111: Adaptor | F111: =AD!CA11 -> HPS | G111: =AD!CB11 -> AC | H111: =AD!CC11 -> Vessel | I111: =AD!CD11 -> 0 | J111: =AD!CE11 -> Adaptors | K111: =AD!CF11 -> 60-21HF6HM4 | L111: =AD!CG11 -> AD-4 | M111: =AD!CH11 -> 0 | ... P111: =AD!CK11 -> Active | R111: =R110+1 -> 110
E112: Adaptor | F112: =AD!CA12 -> HPS | G112: =AD!CB12 -> AC | H112: =AD!CC12 -> Vessel | I112: =AD!CD12 -> 0 | J112: =AD!CE12 -> Adaptors | K112: =AD!CF12 -> 60-21HF6HM4 | L112: =AD!CG12 -> AD-5 | M112: =AD!CH12 -> 0 | ... P112: =AD!CK12 -> Active | R112: =R111+1 -> 111
E113: Adaptor | F113: =AD!CA13 -> HPS | G113: =AD!CB13 -> AC | H113: =AD!CC13 -> Vessel | I113: =AD!CD13 -> 0 | J113: =AD!CE13 -> Adaptors | K113: =AD!CF13 -> 60-21HF6HM4 | L113: =AD!CG13 -> AD-6 | M113: =AD!CH13 -> 0 | ... P113: =AD!CK13 -> Active | R113: =R112+1 -> 112
... E211: Adaptor | F211: =AD!CA111 -> HPS | G211: =AD!CB111 -> AC | H211: =AD!CC111 -> Vessel | I211: =AD!CD111 -> 0 | J211: =AD!CE111 -> 0 | K211: =AD!CF111 -> 0 | L211: =AD!CG111 -> 0 | M211: =AD!CH111 -> 0 | ... P211: =AD!CK111 | R211: =R210+1 -> 210
E212: Cross Jxns | F212: ='CR'!CA2 -> HPS | G212: ='CR'!CB2 -> AC | H212: ='CR'!CC2 -> Head | I212: ='CR'!CD2 -> 0 | J212: ='CR'!CE2 -> Cross | K212: ='CR'!CF2 -> 60-24HF4 | L212: ='CR'!CG2 -> CR-1 | M212: ='CR'!CH2 -> 0 | ... P212: ='CR'!CK2 -> Active | R212: =R211+1 -> 211
E213: Cross Jxns | F213: ='CR'!CA3 -> HPS | G213: ='CR'!CB3 -> AC | H213: ='CR'!CC3 -> Head | I213: ='CR'!CD3 -> 0 | J213: ='CR'!CE3 -> Cross | K213: ='CR'!CF3 -> 60-24HF4 | L213: ='CR'!CG3 -> CR-2 | M213: ='CR'!CH3 -> 0 | ... P213: ='CR'!CK3 -> Active | R213: =R212+1 -> 212
E214: Cross Jxns | F214: ='CR'!CA4 -> HPS | G214: ='CR'!CB4 -> AC | H214: ='CR'!CC4 -> Head | I214: ='CR'!CD4 -> 0 | J214: ='CR'!CE4 -> Cross | K214: ='CR'!CF4 -> 60-24HF4 | L214: ='CR'!CG4 -> CR-3 | M214: ='CR'!CH4 -> 0 | ... P214: ='CR'!CK4 -> Active | R214: =R213+1 -> 213
E215: Cross Jxns | F215: ='CR'!CA5 -> HPS | G215: ='CR'!CB5 -> AC | H215: ='CR'!CC5 -> Head | I215: ='CR'!CD5 -> 0 | J215: ='CR'!CE5 -> Cross | K215: ='CR'!CF5 -> 60-24HF4 | L215: ='CR'!CG5 -> CR-4 | M215: ='CR'!CH5 -> 0 | ... P215: ='CR'!CK5 -> Active | R215: =R214+1 -> 214
E216: Cross Jxns | F216: ='CR'!CA6 -> HPS | G216: ='CR'!CB6 -> AC | H216: ='CR'!CC6 -> Head | I216: ='CR'!CD6 -> 0 | J216: ='CR'!CE6 -> Cross | K216: ='CR'!CF6 -> 60-24HF4 | L216: ='CR'!CG6 -> CR-5 | M216: ='CR'!CH6 -> 0 | ... P216: ='CR'!CK6 -> Active | R216: =R215+1 -> 215
E217: Cross Jxns | F217: ='CR'!CA7 -> HPS | G217: ='CR'!CB7 -> AC | H217: ='CR'!CC7 -> Head | I217: ='CR'!CD7 -> 0 | J217: ='CR'!CE7 -> Cross | K217: ='CR'!CF7 -> 60-24HF4 | L217: ='CR'!CG7 -> CR-6 | M217: ='CR'!CH7 -> 0 | ... P217: ='CR'!CK7 -> Active | R217: =R216+1 -> 216
E218: Cross Jxns | F218: ='CR'!CA8 -> HPS | G218: ='CR'!CB8 -> AC | H218: ='CR'!CC8 -> Head | I218: ='CR'!CD8 -> 0 | J218: ='CR'!CE8 -> Cross | K218: ='CR'!CF8 -> 60-24HF4 | L218: ='CR'!CG8 -> CR-7 | M218: ='CR'!CH8 -> 0 | ... P218: ='CR'!CK8 -> Active | R218: =R217+1 -> 217
E219: Cross Jxns | F219: ='CR'!CA9 -> HPS | G219: ='CR'!CB9 -> AC | H219: ='CR'!CC9 -> Head | I219: ='CR'!CD9 -> 0 | J219: ='CR'!CE9 -> Cross | K219: ='CR'!CF9 -> 60-24HF4 | L219: ='CR'!CG9 -> CR-8 | M219: ='CR'!CH9 -> 0 | ... P219: ='CR'!CK9 -> Active | R219: =R218+1 -> 218
E220: Cross Jxns | F220: ='CR'!CA10 -> HPS | G220: ='CR'!CB10 -> AC | H220: ='CR'!CC10 -> Head | I220: ='CR'!CD10 -> 0 | J220: ='CR'!CE10 -> Cross | K220: ='CR'!CF10 -> 60-24HF4 | L220: ='CR'!CG10 -> CR-9 | M220: ='CR'!CH10 -> 0 | ... P220: ='CR'!CK10 -> Active | R220: =R219+1 -> 219
E221: Cross Jxns | F221: ='CR'!CA11 -> HPS | G221: ='CR'!CB11 -> AC | H221: ='CR'!CC11 -> Head | I221: ='CR'!CD11 -> 0 | J221: ='CR'!CE11 -> Cross | K221: ='CR'!CF11 -> 60-24HF4 | L221: ='CR'!CG11 -> CR-10 | M221: ='CR'!CH11 -> 0 | ... P221: ='CR'!CK11 -> Active | R221: =R220+1 -> 220
E222: Cross Jxns | F222: ='CR'!CA12 -> HPS | G222: ='CR'!CB12 -> AC | H222: ='CR'!CC12 -> Head | I222: ='CR'!CD12 -> 0 | J222: ='CR'!CE12 -> Cross | K222: ='CR'!CF12 -> 60-24HF4 | L222: ='CR'!CG12 -> CR-11 | M222: ='CR'!CH12 -> 0 | ... P222: ='CR'!CK12 -> Active | R222: =R221+1 -> 221
E223: Cross Jxns | F223: ='CR'!CA13 -> HPS | G223: ='CR'!CB13 -> AC | H223: ='CR'!CC13 -> Head | I223: ='CR'!CD13 -> 0 | J223: ='CR'!CE13 -> Cross | K223: ='CR'!CF13 -> 60-24HF4 | L223: ='CR'!CG13 -> CR-12 | M223: ='CR'!CH13 -> 0 | ... P223: ='CR'!CK13 -> Active | R223: =R222+1 -> 222
... E271: Cross Jxns | F271: ='CR'!CA61 -> HPS | G271: ='CR'!CB61 -> AC | H271: ='CR'!CC61 -> Head | I271: ='CR'!CD61 -> 0 | J271: ='CR'!CE61 -> 0 | K271: ='CR'!CF61 -> 0 | L271: ='CR'!CG61 -> 0 | M271: ='CR'!CH61 -> 0 | ... P271: ='CR'!CK61 | R271: =R270+1 -> 270
E272: Coupling | F272: ='CUP'!CB2 -> HPS | G272: ='CUP'!CC2 -> AC | H272: ='CUP'!CD2 -> Vessel | I272: ='CUP'!CE2 -> 0 | J272: ='CUP'!CF2 -> Coupling | K272: ='CUP'!CG2 -> TZM-1/2" | L272: ='CUP'!CH2 -> CUP-TA | M272: ='CUP'!CI2 -> 0 | ... P272: ='CUP'!CL2 -> Active | R272: =R271+1 -> 271
E273: Coupling | F273: ='CUP'!CB3 -> HPS | G273: ='CUP'!CC3 -> AC | H273: ='CUP'!CD3 -> Vessel | I273: ='CUP'!CE3 -> 0 | J273: ='CUP'!CF3 -> Coupling | K273: ='CUP'!CG3 -> TZM-1/2" | L273: ='CUP'!CH3 -> CUP-TB | M273: ='CUP'!CI3 -> 0 | ... P273: ='CUP'!CL3 -> Active | R273: =R272+1 -> 272
E274: Coupling | F274: ='CUP'!CB4 -> HPS | G274: ='CUP'!CC4 -> AC | H274: ='CUP'!CD4 -> Vessel | I274: ='CUP'!CE4 -> 0 | J274: ='CUP'!CF4 -> Coupling | K274: ='CUP'!CG4 -> TZM-1/2" | L274: ='CUP'!CH4 -> CUP-TC | M274: ='CUP'!CI4 -> 0 | ... P274: ='CUP'!CL4 -> Active | R274: =R273+1 -> 273
E275: Coupling | F275: ='CUP'!CB5 -> HPS | G275: ='CUP'!CC5 -> AC | H275: ='CUP'!CD5 -> Vessel | I275: ='CUP'!CE5 -> 0 | J275: ='CUP'!CF5 -> Coupling | K275: ='CUP'!CG5 -> TZM-1/2" | L275: ='CUP'!CH5 -> CUP-TD | M275: ='CUP'!CI5 -> 0 | ... P275: ='CUP'!CL5 -> Active | R275: =R274+1 -> 274
E276: Coupling | F276: ='CUP'!CB6 -> HPS | G276: ='CUP'!CC6 -> AC | H276: ='CUP'!CD6 -> Vessel | I276: ='CUP'!CE6 -> 0 | J276: ='CUP'!CF6 -> Coupling | K276: ='CUP'!CG6 -> TZM-1/2" | L276: ='CUP'!CH6 -> CUP-TE | M276: ='CUP'!CI6 -> 0 | ... P276: ='CUP'!CL6 -> Active | R276: =R275+1 -> 275
E277: Coupling | F277: ='CUP'!CB7 -> HPS | G277: ='CUP'!CC7 -> AC | H277: ='CUP'!CD7 -> Vessel | I277: ='CUP'!CE7 -> 0 | J277: ='CUP'!CF7 -> Coupling | K277: ='CUP'!CG7 -> TZM-1/2" | L277: ='CUP'!CH7 -> CUP-TF | M277: ='CUP'!CI7 -> 0 | ... P277: ='CUP'!CL7 -> Active | R277: =R276+1 -> 276
E278: Coupling | F278: ='CUP'!CB8 -> HPS | G278: ='CUP'!CC8 -> AC | H278: ='CUP'!CD8 -> Vessel | I278: ='CUP'!CE8 -> 0 | J278: ='CUP'!CF8 -> Coupling | K278: ='CUP'!CG8 -> TZM-1/2" | L278: ='CUP'!CH8 -> CUP-TG | M278: ='CUP'!CI8 -> 0 | ... P278: ='CUP'!CL8 -> Active | R278: =R277+1 -> 277
E279: Coupling | F279: ='CUP'!CB9 -> HPS | G279: ='CUP'!CC9 -> AC | H279: ='CUP'!CD9 -> Vessel | I279: ='CUP'!CE9 -> 0 | J279: ='CUP'!CF9 -> Coupling | K279: ='CUP'!CG9 -> TZM-1/2" | L279: ='CUP'!CH9 -> CUP-TH | M279: ='CUP'!CI9 -> 0 | ... P279: ='CUP'!CL9 -> Active | R279: =R278+1 -> 278
E280: Coupling | F280: ='CUP'!CB10 -> HPS | G280: ='CUP'!CC10 -> AC | H280: ='CUP'!CD10 -> Vessel | I280: ='CUP'!CE10 -> 0 | J280: ='CUP'!CF10 -> Coupling | K280: ='CUP'!CG10 -> TZM-1/2" | L280: ='CUP'!CH10 -> CUP-TI | M280: ='CUP'!CI10 -> 0 | ... P280: ='CUP'!CL10 -> Active | R280: =R279+1 -> 279
E281: Coupling | F281: ='CUP'!CB11 -> HPS | G281: ='CUP'!CC11 -> AC | H281: ='CUP'!CD11 -> Vessel | I281: ='CUP'!CE11 -> 0 | J281: ='CUP'!CF11 -> Coupling | K281: ='CUP'!CG11 -> TZM-1/2" | L281: ='CUP'!CH11 -> CUP-TJ | M281: ='CUP'!CI11 -> 0 | ... P281: ='CUP'!CL11 -> Active | R281: =R280+1 -> 280
E282: Coupling | F282: ='CUP'!CB12 -> HPS | G282: ='CUP'!CC12 -> AC | H282: ='CUP'!CD12 -> Vessel | I282: ='CUP'!CE12 -> 0 | J282: ='CUP'!CF12 -> Coupling | K282: ='CUP'!CG12 -> TZM-1/2" | L282: ='CUP'!CH12 -> CUP-TK | M282: ='CUP'!CI12 -> 0 | ... P282: ='CUP'!CL12 -> Active | R282: =R281+1 -> 281
E283: Coupling | F283: ='CUP'!CB13 -> HPS | G283: ='CUP'!CC13 -> AC | H283: ='CUP'!CD13 -> Vessel | I283: ='CUP'!CE13 -> 0 | J283: ='CUP'!CF13 -> Coupling | K283: ='CUP'!CG13 -> 0 | L283: ='CUP'!CH13 -> CUP-TL | M283: ='CUP'!CI13 -> 0 | ... P283: ='CUP'!CL13 -> New | R283: =R282+1 -> 282
... E321: Coupling | F321: ='CUP'!CB51 -> HPS | G321: ='CUP'!CC51 -> AC | H321: ='CUP'!CD51 -> Vessel | I321: ='CUP'!CE51 -> 0 | J321: ='CUP'!CF51 -> 0 | K321: ='CUP'!CG51 -> 0 | L321: ='CUP'!CH51 -> 0 | M321: ='CUP'!CI51 -> 0 | ... P321: ='CUP'!CL51 | R321: =R320+1 -> 320
E322: Elbow | F322: =EL!CA2 -> HPS | G322: =EL!CB2 -> AC | H322: =EL!CC2 -> Vessel | I322: =EL!CD2 -> 0 | J322: =EL!CE2 -> Elbow | K322: =EL!CF2 -> 60-22HF4 | L322: =EL!CG2 -> EL-1 | M322: =EL!CH2 -> 0 | ... P322: =EL!CK2 -> Active | R322: =R321+1 -> 321
E323: Elbow | F323: =EL!CA3 -> HPS | G323: =EL!CB3 -> AC | H323: =EL!CC3 -> Vessel | I323: =EL!CD3 -> 0 | J323: =EL!CE3 -> Elbow | K323: =EL!CF3 -> 60-22HF4 | L323: =EL!CG3 -> EL-2 | M323: =EL!CH3 -> 0 | ... P323: =EL!CK3 -> Active | R323: =R322+1 -> 322
E324: Elbow | F324: =EL!CA4 -> HPS | G324: =EL!CB4 -> AC | H324: =EL!CC4 -> Vessel | I324: =EL!CD4 -> 0 | J324: =EL!CE4 -> Elbow | K324: =EL!CF4 -> 60-22HF4 | L324: =EL!CG4 -> EL-3 | M324: =EL!CH4 -> 0 | ... P324: =EL!CK4 -> Active | R324: =R323+1 -> 323
E325: Elbow | F325: =EL!CA5 -> HPS | G325: =EL!CB5 -> AC | H325: =EL!CC5 -> Vessel | I325: =EL!CD5 -> 0 | J325: =EL!CE5 -> Elbow | K325: =EL!CF5 -> 60-22HF4 | L325: =EL!CG5 -> EL-4 | M325: =EL!CH5 -> 0 | ... P325: =EL!CK5 -> Active | R325: =R324+1 -> 324
E326: Elbow | F326: =EL!CA6 -> HPS | G326: =EL!CB6 -> AC | H326: =EL!CC6 -> Vessel | I326: =EL!CD6 -> 0 | J326: =EL!CE6 -> Elbow | K326: =EL!CF6 -> 60-22HF4 | L326: =EL!CG6 -> EL-5 | M326: =EL!CH6 -> 0 | ... P326: =EL!CK6 -> Active | R326: =R325+1 -> 325
E327: Elbow | F327: =EL!CA7 -> HPS | G327: =EL!CB7 -> AC | H327: =EL!CC7 -> Vessel | I327: =EL!CD7 -> 0 | J327: =EL!CE7 -> Elbow | K327: =EL!CF7 -> 60-22HF4 | L327: =EL!CG7 -> EL-6 | M327: =EL!CH7 -> 0 | ... P327: =EL!CK7 -> Active | R327: =R326+1 -> 326
E328: Elbow | F328: =EL!CA8 -> HPS | G328: =EL!CB8 -> AC | H328: =EL!CC8 -> Vessel | I328: =EL!CD8 -> 0 | J328: =EL!CE8 -> Elbow | K328: =EL!CF8 -> 60-22HF4 | L328: =EL!CG8 -> EL-7 | M328: =EL!CH8 -> 0 | ... P328: =EL!CK8 -> Active | R328: =R327+1 -> 327
E329: Elbow | F329: =EL!CA9 -> HPS | G329: =EL!CB9 -> AC | H329: =EL!CC9 -> Vessel | I329: =EL!CD9 -> 0 | J329: =EL!CE9 -> Elbow | K329: =EL!CF9 -> 60-22HF4 | L329: =EL!CG9 -> EL-8 | M329: =EL!CH9 -> 0 | ... P329: =EL!CK9 -> Active | R329: =R328+1 -> 328
E330: Elbow | F330: =EL!CA10 -> HPS | G330: =EL!CB10 -> AC | H330: =EL!CC10 -> Vessel | I330: =EL!CD10 -> 0 | J330: =EL!CE10 -> Elbow | K330: =EL!CF10 -> 60-22HF4 | L330: =EL!CG10 -> EL-9 | M330: =EL!CH10 -> 0 | ... P330: =EL!CK10 -> Active | R330: =R329+1 -> 329
E331: Elbow | F331: =EL!CA11 -> HPS | G331: =EL!CB11 -> AC | H331: =EL!CC11 -> Vessel | I331: =EL!CD11 -> 0 | J331: =EL!CE11 -> Elbow | K331: =EL!CF11 -> 60-22HF4 | L331: =EL!CG11 -> EL-10 | M331: =EL!CH11 -> 0 | ... P331: =EL!CK11 -> Active | R331: =R330+1 -> 330
E332: Elbow | F332: =EL!CA12 -> HPS | G332: =EL!CB12 -> AC | H332: =EL!CC12 -> Vessel | I332: =EL!CD12 -> 0 | J332: =EL!CE12 -> Elbow | K332: =EL!CF12 -> 60-22HF4 | L332: =EL!CG12 -> EL-11 | M332: =EL!CH12 -> 0 | ... P332: =EL!CK12 -> Active | R332: =R331+1 -> 331
E333: Elbow | F333: =EL!CA13 -> HPS | G333: =EL!CB13 -> AC | H333: =EL!CC13 -> Vessel | I333: =EL!CD13 -> 0 | J333: =EL!CE13 -> Elbow | K333: =EL!CF13 -> 60-22HF4 | L333: =EL!CG13 -> EL-12 | M333: =EL!CH13 -> 0 | ... P333: =EL!CK13 -> Active | R333: =R332+1 -> 332
... E371: Elbow | F371: =EL!CA51 -> HPS | G371: =EL!CB51 -> AC | H371: =EL!CC51 -> Vessel | I371: =EL!CD51 -> 0 | J371: =EL!CE51 -> 0 | K371: =EL!CF51 -> 0 | L371: =EL!CG51 -> 0 | M371: =EL!CH51 -> 0 | ... P371: =EL!CK51 | R371: =R370+1 -> 370
E372: Filters | F372: =FI!CA2 -> HPS | G372: =FI!CB2 -> AC | H372: =FI!CC2 -> Head | I372: =FI!CD2 -> 0 | J372: =FI!CE2 -> Filter | K372: =FI!CF2 -> 60F-51HF4-2 | L372: =FI!CG2 -> FID-2 | M372: =FI!CH2 -> 0 | ... P372: =FI!CK2 -> Active | R372: =R371+1 -> 371
E373: Filters | F373: =FI!CA3 -> HPS | G373: =FI!CB3 -> AC | H373: =FI!CC3 -> Head | I373: =FI!CD3 -> 0 | J373: =FI!CE3 -> Filter | K373: =FI!CF3 -> 60F-51HF4-2 | L373: =FI!CG3 -> FID-2 | M373: =FI!CH3 -> 0 | ... P373: =FI!CK3 -> Active | R373: =R372+1 -> 372
E374: Filters | F374: =FI!CA4 -> HPS | G374: =FI!CB4 -> AC | H374: =FI!CC4 -> Head | I374: =FI!CD4 -> 0 | J374: =FI!CE4 -> Filter | K374: =FI!CF4 -> 60F-51HF4-2 | L374: =FI!CG4 -> FID-2 | M374: =FI!CH4 -> 0 | ... P374: =FI!CK4 -> Active | R374: =R373+1 -> 373
E375: Filters | F375: =FI!CA5 -> HPS | G375: =FI!CB5 -> AC | H375: =FI!CC5 -> Head | I375: =FI!CD5 -> 0 | J375: =FI!CE5 -> Filter | K375: =FI!CF5 -> 60F-51HF4-2 | L375: =FI!CG5 -> FID-2 | M375: =FI!CH5 -> 0 | ... P375: =FI!CK5 -> Active | R375: =R374+1 -> 374
E376: Filters | F376: =FI!CA6 -> HPS | G376: =FI!CB6 -> AC | H376: =FI!CC6 -> Head | I376: =FI!CD6 -> 0 | J376: =FI!CE6 -> Filter | K376: =FI!CF6 -> 60F-51HF4-5 | L376: =FI!CG6 -> FID-3 | M376: =FI!CH6 -> 0 | ... P376: =FI!CK6 -> Active | R376: =R375+1 -> 375
E377: Filters | F377: =FI!CA7 -> HPS | G377: =FI!CB7 -> AC | H377: =FI!CC7 -> Head | I377: =FI!CD7 -> 0 | J377: =FI!CE7 -> Filter | K377: =FI!CF7 -> 60F-51HF4-0.5 | L377: =FI!CG7 -> FID-1 | M377: =FI!CH7 -> 0 | ... P377: =FI!CK7 -> Active | R377: =R376+1 -> 376
E378: Filters | F378: =FI!CA8 -> HPS | G378: =FI!CB8 -> AC | H378: =FI!CC8 -> Head | I378: =FI!CD8 -> 0 | J378: =FI!CE8 -> Filter Disc | K378: =FI!CF8 -> B01446 | L378: =FI!CG8 -> - | M378: =FI!CH8 -> 0 | ... P378: =FI!CK8 -> New | R378: =R377+1 -> 377
E379: Filters | F379: =FI!CA9 -> HPS | G379: =FI!CB9 -> AC | H379: =FI!CC9 -> Head | I379: =FI!CD9 -> 0 | J379: =FI!CE9 -> Filter Disc | K379: =FI!CF9 -> B01447 | L379: =FI!CG9 -> - | M379: =FI!CH9 -> 0 | ... P379: =FI!CK9 -> New | R379: =R378+1 -> 378
E380: Filters | F380: =FI!CA10 -> HPS | G380: =FI!CB10 -> AC | H380: =FI!CC10 -> Head | I380: =FI!CD10 -> 0 | J380: =FI!CE10 -> Filter Disc | K380: =FI!CF10 -> B01448 | L380: =FI!CG10 -> - | M380: =FI!CH10 -> 0 | ... P380: =FI!CK10 -> New | R380: =R379+1 -> 379
E381: Filters | F381: =FI!CA11 -> HPS | G381: =FI!CB11 -> AC | H381: =FI!CC11 -> Head | I381: =FI!CD11 -> 0 | J381: =FI!CE11 -> Filter Disc | K381: =FI!CF11 -> B01407 | L381: =FI!CG11 -> - | M381: =FI!CH11 -> 0 | ... P381: =FI!CK11 -> New | R381: =R380+1 -> 380
E382: Filters | F382: =FI!CA12 -> HPS | G382: =FI!CB12 -> AC | H382: =FI!CC12 -> Head | I382: =FI!CD12 -> 0 | J382: =FI!CE12 -> Filter Disc | K382: =FI!CF12 -> B01449 | L382: =FI!CG12 -> - | M382: =FI!CH12 -> 0 | ... P382: =FI!CK12 -> New | R382: =R381+1 -> 381
E383: Filters | F383: =FI!CA13 -> HPS | G383: =FI!CB13 -> AC | H383: =FI!CC13 -> Head | I383: =FI!CD13 -> 0 | J383: =FI!CE13 -> Filter Disc | K383: =FI!CF13 -> B01408 | L383: =FI!CG13 -> - | M383: =FI!CH13 -> 0 | ... P383: =FI!CK13 -> New | R383: =R382+1 -> 382
... E421: Filters | F421: =FI!CA51 -> HPS | G421: =FI!CB51 -> AC | H421: =FI!CC51 -> Head | I421: =FI!CD51 -> 0 | J421: =FI!CE51 -> 0 | K421: =FI!CF51 -> 0 | L421: =FI!CG51 -> 0 | M421: =FI!CH51 -> 0 | ... P421: =FI!CK51 | R421: =R420+1 -> 420
E422: Furniture | F422: =FUR!CA2 -> HPS | G422: =FUR!CB2 -> AC | H422: =FUR!CC2 -> Vessel | I422: =FUR!CD2 -> 0 | J422: =FUR!CE2 -> Furniture | K422: =FUR!CF2 -> Rene41-0, NiCr8020-4 | L422: =FUR!CG2 -> 0.4B-1 | M422: =FUR!CH2 -> 0 | ... P422: =FUR!CK2 -> Active | R422: =R421+1 -> 421
E423: Furniture | F423: =FUR!CA3 -> HPS | G423: =FUR!CB3 -> AC | H423: =FUR!CC3 -> Vessel | I423: =FUR!CD3 -> 0 | J423: =FUR!CE3 -> Furniture | K423: =FUR!CF3 -> Rene41-0, NiCr8020-4 | L423: =FUR!CG3 -> 0.4B-2 | M423: =FUR!CH3 -> 0 | ... P423: =FUR!CK3 -> Active | R423: =R422+1 -> 422
E424: Furniture | F424: =FUR!CA4 -> HPS | G424: =FUR!CB4 -> AC | H424: =FUR!CC4 -> Vessel | I424: =FUR!CD4 -> 0 | J424: =FUR!CE4 -> Furniture | K424: =FUR!CF4 -> Rene41-0, NiCr8020-4 | L424: =FUR!CG4 -> 0.4B-3 | M424: =FUR!CH4 -> 0 | ... P424: =FUR!CK4 -> Active | R424: =R423+1 -> 423
E425: Furniture | F425: =FUR!CA5 -> HPS | G425: =FUR!CB5 -> AC | H425: =FUR!CC5 -> Vessel | I425: =FUR!CD5 -> 0 | J425: =FUR!CE5 -> Furniture | K425: =FUR!CF5 -> Ni-20, Ni-19 | L425: =FUR!CG5 -> 0.4C-0 | M425: =FUR!CH5 -> 0 | ... P425: =FUR!CK5 -> Active | R425: =R424+1 -> 424
E426: Furniture | F426: =FUR!CA6 -> HPS | G426: =FUR!CB6 -> AC | H426: =FUR!CC6 -> Vessel | I426: =FUR!CD6 -> 0 | J426: =FUR!CE6 -> Furniture | K426: =FUR!CF6 -> Ni-20, Ni-19 | L426: =FUR!CG6 -> 0.4C-1 | M426: =FUR!CH6 -> 0 | ... P426: =FUR!CK6 -> Active | R426: =R425+1 -> 425
E427: Furniture | F427: =FUR!CA7 -> HPS | G427: =FUR!CB7 -> AC | H427: =FUR!CC7 -> Vessel | I427: =FUR!CD7 -> 0 | J427: =FUR!CE7 -> Furniture | K427: =FUR!CF7 -> Ni-20, Ni-19 | L427: =FUR!CG7 -> 0.4C-2 | M427: =FUR!CH7 -> 0 | ... P427: =FUR!CK7 -> Active | R427: =R426+1 -> 426
E428: Furniture | F428: =FUR!CA8 -> HPS | G428: =FUR!CB8 -> AC | H428: =FUR!CC8 -> Vessel | I428: =FUR!CD8 -> 0 | J428: =FUR!CE8 -> Furniture | K428: =FUR!CF8 -> Rene41-0, NiCr8020-4, Ni-19 | L428: =FUR!CG8 -> 0.4S-1 | M428: =FUR!CH8 -> 0 | ... P428: =FUR!CK8 -> Active | R428: =R427+1 -> 427
...

Sheet DWG Naming
A1: Drawing Naming Convention
A2: MATS-HPS-AC-AD-2a_Rev1
A4: MATS | B4: HPS | C4: AC | D4: AD | E4: 2a | G4: 1
A5: Lab name | B5: Hi Press Sys | C5: Autoclave | D5: Letter designation of the body | E5: Sub-part | G5: Revision
D6: See Bodies Sheet | G6: 0 | H6: Pre-release
D7: Sub-parts that go to a given body should share the two-letter prefix | E7: No Number | F7: Body | G7: 1 | H7: First Released Version
E8: 1 | F8: Couplings | G8: 2 | H8: Second Released Version
E9: 2 | F9: Nuts
E10: 3 | F10: Gaskets
E11: 4 | F11: Grand Nuts
E12: 5 | F12: Thrust Washers
E13: 6 | F13: Set Screws
E14: 7 | F14: Nozzles
E15: 8 | F15: Safety Heads
E16: 9 | F16: Brace Plates
E17: 9a | F17: Brace Plate 1 for AD
E18: 9b | F18: Brace Plate 2 for AD
E19: 10 | F19: Auxiliary Parts
A21: AC | B21: Autoclave Bodies
A22: AD | B22: Adaptors
A23: CR | B23: Crosses
A24: CUP | B24: Couplings
A25: EL | B25: Elbows
A26: FI | B26: Filters
A27: FUR | B27: Furniture
A28: GKT | B28: Gaskets
A29: GN | B29: Grand Nuts
A30: HDA | B30: Head Assemblies
A31: NUT | B31: Nuts
A32: NV | B32: Needle Valves
... A39: TW | B39: Thrust Washer

Sheet AC
A1: Status | B1: UID | C1: Part Type | D1: Name | E1: Location | F1: Pressure Design (MPa) | G1: Pressure Design (psi) | H1: Temperature Design (C) | I1: Reactor Body Material | J1: Heat Treatment | K1: Corrosion | L1: Diameter Inner (inch) | M1: Diameter Inner (mm) | N1: Length Inner (inch) | O1: Length Inner (mm) | P1: Volume Inner (ml) | Q1: Weight Body (g) | R1: Body Thread | S1: Pressure Interlock (MPa) | T1: Pressure Burst Nominal (psi) | U1: Pressure Burst Nominal (MPa) | V1: Profile | W1: Manufacture | X1: Date Manufactured | Y1: Lot # | Z1: PO | AA1: Link to Schematic Drawing | CA1: EXP Style | CB1: Setup Location | CC1: Setup Sub-Location | CD1: Sub-Setup Assembly | CE1: IO type | CF1: Zone | CG1: Device Type | CH1: Device Tag | CI1: Device Location | CJ1: Circuit | CK1: Power Source | CL1: Status
A2: Active | B2: AC-A | C2: AC Body | D2: Old 1" | E2: Lehigh | F2: 250 | G2: 36259 | H2: 575 | I2: Rene 41 | J2: Precipitation Hardened | K2: None Observed | L2: 1 | M2: 25.4 | N2: 10 | O2: 254 | P2: 129.8 | Q2: 3248.97 | R2: ACME 2"-5 | S2: 265 | T2: 50000 | U2: 345 | W2: UCSB | X2: 39173 | Y2: - | Z2: - | AA2: https://drive.google.com/open?id=1E_SEOWW8QEa0jqxBg-RQJgkI8SOz6Fw7&authuser=jrd419%40lehigh.edu&usp=drive_fs | CA2: Table Format | CB2: HPS | CC2: =AC[[#This Row],[UID]] -> AC-A | CD2: Vessel | CF2: =AC[[#This Row],[Part Type]] -> AC Body | CG2: =AC[[#This Row],[Name]] -> Old 1" | CH2: =RIGHT(AC[[#This Row],[UID]],LEN(AC[[#This Row],[UID]])-3) -> A | CL2: =IF(AC[[#This Row],[Status]]=0,"",AC[[#This Row],[Status]]) -> Active
A3: Design | B3: AC-AA | C3: AC Body | D3: New 1" - Bar Seal | E3: Lehigh | F3: - | G3: - | H3: - | I3: TZM | J3: Stress-relieved | K3: - | L3: - | M3: - | N3: - | O3: - | P3: - | Q3: - | R3: - | S3: - | T3: - | U3: - | W3: - | X3: - | Y3: - | Z3: - | AA3: - | CB3: HPS | CC3: =AC[[#This Row],[UID]] -> AC-AA | CD3: Vessel | CF3: =AC[[#This Row],[Part Type]] -> AC Body | CG3: =AC[[#This Row],[Name]] -> New 1" - Bar Seal | CH3: =RIGHT(AC[[#This Row],[UID]],LEN(AC[[#This Row],[UID]])-3) -> AA | CL3: =IF(AC[[#This Row],[Status]]=0,"",AC[[#This Row],[Status]]) -> Design
A4: Design | B4: AC-AB | C4: AC Body | D4: New 1" - Keyed | E4: Lehigh | F4: - | G4: - | H4: - | I4: TZM | J4: Stress-relieved | K4: - | L4: - | M4: - | N4: - | O4: - | P4: - | Q4: - | R4: - | S4: - | T4: - | U4: - | W4: - | X4: - | Y4: - | Z4: - | AA4: - | CB4: HPS | CC4: =AC[[#This Row],[UID]] -> AC-AB | CD4: Vessel | CF4: =AC[[#This Row],[Part Type]] -> AC Body | CG4: =AC[[#This Row],[Name]] -> New 1" - Keyed | CH4: =RIGHT(AC[[#This Row],[UID]],LEN(AC[[#This Row],[UID]])-3) -> AB | CL4: =IF(AC[[#This Row],[Status]]=0,"",AC[[#This Row],[Status]]) -> Design
A5: New | B5: AC-AC | C5: AC Body | D5: TZM-13-260-10 | E5: Lehigh | F5: 160 | G5: 22400 | H5: 600 | I5: TZM | J5: Stress-relieved | K5: - | L5: =13/25.4 -> 0.51181102 | M5: 13 | N5: - | O5: - | P5: - | Q5: - | R5: - | S5: - | T5: - | U5: - | W5: - | X5: - | Y5: - | Z5: - | AA5: - | CB5: HPS | CC5: =AC[[#This Row],[UID]] -> AC-AC | CD5: Vessel | CF5: =AC[[#This Row],[Part Type]] -> AC Body | CG5: =AC[[#This Row],[Name]] -> TZM-13-260-10 | CH5: =RIGHT(AC[[#This Row],[UID]],LEN(AC[[#This Row],[UID]])-3) -> AC | CL5: =IF(AC[[#This Row],[Status]]=0,"",AC[[#This Row],[Status]]) -> New
A6: Design | B6: AC-AD | C6: AC Body | D6: 76OD-20ID-TZM | E6: Lehigh | F6: 10-175 | G6: 22400 | H6: 550 | I6: TZM | J6: Stress-relieved | K6: - | L6: =20/25.4 -> 0.78740157 | M6: 20 | N6: - | O6: - | P6: - | Q6: - | R6: - | S6: - | T6: - | U6: - | W6: - | X6: - | Y6: - | Z6: - | AA6: - | CB6: HPS | CC6: =AC[[#This Row],[UID]] -> AC-AD | CD6: Vessel | CF6: =AC[[#This Row],[Part Type]] -> AC Body | CG6: =AC[[#This Row],[Name]] -> 76OD-20ID-TZM | CH6: =RIGHT(AC[[#This Row],[UID]],LEN(AC[[#This Row],[UID]])-3) -> AD | CL6: =IF(AC[[#This Row],[Status]]=0,"",AC[[#This Row],[Status]]) -> Design
A7: Design | B7: AC-AE | C7: AC Body | D7: 76OD-20ID-TZM-Thread | E7: Lehigh | F7: 10-175 | G7: =1750*14 -> 24500 | H7: 1050 | I7: TZM B387-19, Type 364 | J7: Stress-relieved | K7: None Observed | CB7: HPS | CC7: =AC[[#This Row],[UID]] -> AC-AE | CD7: Vessel | CF7: =AC[[#This Row],[Part Type]] -> AC Body | CG7: =AC[[#This Row],[Name]] -> 76OD-20ID-TZM-Thread | CH7: =RIGHT(AC[[#This Row],[UID]],LEN(AC[[#This Row],[UID]])-3) -> AE | CL7: =IF(AC[[#This Row],[Status]]=0,"",AC[[#This Row],[Status]]) -> Design
A8: Design | B8: AC-AF | C8: AC Body | D8: 76OD-50ID-TZM-Thread-Hemi | E8: Lehigh | F8: 10 | G8: =100*14 -> 1400 | H8: 1050 | I8: TZM B387-19, Type 364 | J8: Stress-relieved | K8: None Observed | CB8: HPS | CC8: =AC[[#This Row],[UID]] -> AC-AF | CD8: Vessel | CF8: =AC[[#This Row],[Part Type]] -> AC Body | CG8: =AC[[#This Row],[Name]] -> 76OD-50ID-TZM-Thread-Hemi | CH8: =RIGHT(AC[[#This Row],[UID]],LEN(AC[[#This Row],[UID]])-3) -> AF | CL8: =IF(AC[[#This Row],[Status]]=0,"",AC[[#This Row],[Status]]) -> Design
A9: Design | B9: AC-AG | C9: AC Body | D9: 90OD-70ID-TZM | E9: Lehigh | F9: 10 | G9: 1400 | H9: 1050 | I9: TZM B387-19, Type 364 | J9: Stress-relieved | K9: None Observed | CB9: HPS | CC9: =AC[[#This Row],[UID]] -> AC-AG | CD9: Vessel | CF9: =AC[[#This Row],[Part Type]] -> AC Body | CG9: =AC[[#This Row],[Name]] -> 90OD-70ID-TZM | CH9: =RIGHT(AC[[#This Row],[UID]],LEN(AC[[#This Row],[UID]])-3) -> AG | CL9: =IF(AC[[#This Row],[Status]]=0,"",AC[[#This Row],[Status]]) -> Design
A10: Active | B10: AC-B | C10: AC Body | D10: Short 1" - Rene 41 | E10: Lehigh | F10: 250 | G10: 36259 | H10: 575 | I10: Rene 41 | J10: Precipitation Hardened | K10: Heavily Corroded | L10: 1 | M10: 25.4 | N10: 5 | O10: 127 | P10: 64.7 | Q10: 1713.78 | R10: ACME 2"-5 | S10: 265 | T10: 50000 | U10: 345 | W10: UCSB | X10: 39814 | Y10: - | Z10: - | AA10: https://drive.google.com/open?id=1ufwTYDKRXg9fWiytCJ2PaqUQyXha5s67&authuser=jrd419%40lehigh.edu&usp=drive_fs | CB10: HPS | CC10: =AC[[#This Row],[UID]] -> AC-B | CD10: Vessel | CF10: =AC[[#This Row],[Part Type]] -> AC Body | CG10: =AC[[#This Row],[Name]] -> Short 1" - Rene 41 | CH10: =RIGHT(AC[[#This Row],[UID]],LEN(AC[[#This Row],[UID]])-3) -> B | CL10: =IF(AC[[#This Row],[Status]]=0,"",AC[[#This Row],[Status]]) -> Active
A11: Active | B11: AC-C | C11: AC Body | D11: Short 1" - Rene 41 | E11: Lehigh | F11: 250 | G11: 36259 | H11: 575 | I11: Rene 41 | J11: Precipitation Hardened | K11: None Observed | L11: 1 | M11: 25.4 | N11: 5 | O11: 127 | P11: 64.7 | Q11: 1910.7 | R11: ACME 2"-5 | S11: 265 | T11: 50000 | U11: 345 | W11: UCSB | X11: 39814 | Y11: - | Z11: - | AA11: https://drive.google.com/open?id=1ufwTYDKRXg9fWiytCJ2PaqUQyXha5s67&authuser=jrd419%40lehigh.edu&usp=drive_fs | CB11: HPS | CC11: =AC[[#This Row],[UID]] -> AC-C | CD11: Vessel | CF11: =AC[[#This Row],[Part Type]] -> AC Body | CG11: =AC[[#This Row],[Name]] -> Short 1" - Rene 41 | CH11: =RIGHT(AC[[#This Row],[UID]],LEN(AC[[#This Row],[UID]])-3) -> C | CL11: =IF(AC[[#This Row],[Status]]=0,"",AC[[#This Row],[Status]]) -> Active
A12: Active | B12: AC-D | C12: AC Body | D12: Short 1" - Rene 41 | E12: Lehigh | F12: 250 | G12: 36259 | H12: 575 | I12: Rene 41 | J12: Precipitation Hardened | K12: None Observed | L12: 1 | M12: 25.4 | N12: 5 | O12: 127 | P12: 64.7 | Q12: 1913.47 | R12: ACME 2"-5 | S12: 265 | T12: 50000 | U12: 345 | W12: UCSB | X12: 39814 | Y12: - | Z12: - | AA12: https://drive.google.com/open?id=1ufwTYDKRXg9fWiytCJ2PaqUQyXha5s67&authuser=jrd419%40lehigh.edu&usp=drive_fs | CB12: HPS | CC12: =AC[[#This Row],[UID]] -> AC-D | CD12: Vessel | CF12: =AC[[#This Row],[Part Type]] -> AC Body | CG12: =AC[[#This Row],[Name]] -> Short 1" - Rene 41 | CH12: =RIGHT(AC[[#This Row],[UID]],LEN(AC[[#This Row],[UID]])-3) -> D | CL12: =IF(AC[[#This Row],[Status]]=0,"",AC[[#This Row],[Status]]) -> Active
A13: Active | B13: AC-DUM-1 | C13: AC Body | D13: SS Dummy | E13: Lehigh | F13: - | G13: - | H13: - | I13: 316 SS | J13: - | K13: - | L13: - | M13: - | N13: - | O13: - | P13: - | Q13: - | R13: - | S13: - | T13: - | U13: - | W13: - | X13: - | Y13: - | Z13: - | AA13: - | CB13: HPS | CC13: =AC[[#This Row],[UID]] -> AC-DUM-1 | CD13: Vessel | CF13: =AC[[#This Row],[Part Type]] -> AC Body | CG13: =AC[[#This Row],[Name]] -> SS Dummy | CH13: =RIGHT(AC[[#This Row],[UID]],LEN(AC[[#This Row],[UID]])-3) -> DUM-1 | CL13: =IF(AC[[#This Row],[Status]]=0,"",AC[[#This Row],[Status]]) -> Active
A14: Active | B14: AC-E | C14: AC Body | D14: Short 1" - Inconel | E14: Lehigh | F14: 100 | G14: 14504 | H14: 575 | I14: Inconel 625 | J14: None | K14: None Observed | L14: 1 | M14: 25.4 | N14: 5 | O14: 127 | P14: 64.58 | Q14: 1856.92 | R14: ACME 2"-5 | S14: 115 | T14: 22500 | U14: 155 | W14: UCSB | X14: 39814 | Y14: - | Z14: - | AA14: https://drive.google.com/open?id=1ufwTYDKRXg9fWiytCJ2PaqUQyXha5s67&authuser=jrd419%40lehigh.edu&usp=drive_fs | CB14: HPS | CC14: =AC[[#This Row],[UID]] -> AC-E | CD14: Vessel | CF14: =AC[[#This Row],[Part Type]] -> AC Body | CG14: =AC[[#This Row],[Name]] -> Short 1" - Inconel | CH14: =RIGHT(AC[[#This Row],[UID]],LEN(AC[[#This Row],[UID]])-3) -> E | CL14: =IF(AC[[#This Row],[Status]]=0,"",AC[[#This Row],[Status]]) -> Active
A15: Active | B15: AC-F | C15: AC Body | D15: Short 1" - Inconel | E15: Lehigh | F15: 100 | G15: 14504 | H15: 575 | I15: Inconel 625 | J15: None | K15: None Observed | L15: 1 | M15: 25.4 | N15: 5 | O15: 127 | P15: 64.84 | Q15: 1856.76 | R15: ACME 2"-5 | S15: 115 | T15: 22500 | U15: 155 | W15: UCSB | X15: 39814 | Y15: - | Z15: - | AA15: https://drive.google.com/open?id=1ufwTYDKRXg9fWiytCJ2PaqUQyXha5s67&authuser=jrd419%40lehigh.edu&usp=drive_fs | CB15: HPS | CC15: =AC[[#This Row],[UID]] -> AC-F | CD15: Vessel | CF15: =AC[[#This Row],[Part Type]] -> AC Body | CG15: =AC[[#This Row],[Name]] -> Short 1" - Inconel | CH15: =RIGHT(AC[[#This Row],[UID]],LEN(AC[[#This Row],[UID]])-3) -> F | CL15: =IF(AC[[#This Row],[Status]]=0,"",AC[[#This Row],[Status]]) -> Active
A16: Active | B16: AC-G | C16: AC Body | D16: Short 1" - Inconel | E16: Lehigh | F16: 100 | G16: 14504 | H16: 575 | I16: Inconel 625 | J16: None | K16: None Observed | L16: 1 | M16: 25.4 | N16: 5 | O16: 127 | P16: 64.67 | Q16: 1880.05 | R16: ACME 2"-5 | S16: 115 | T16: 22500 | U16: 155 | W16: UCSB | X16: 39814 | Y16: - | Z16: - | AA16: https://drive.google.com/open?id=1ufwTYDKRXg9fWiytCJ2PaqUQyXha5s67&authuser=jrd419%40lehigh.edu&usp=drive_fs | CB16: HPS | CC16: =AC[[#This Row],[UID]] -> AC-G | CD16: Vessel | CF16: =AC[[#This Row],[Part Type]] -> AC Body | CG16: =AC[[#This Row],[Name]] -> Short 1" - Inconel | CH16: =RIGHT(AC[[#This Row],[UID]],LEN(AC[[#This Row],[UID]])-3) -> G | CL16: =IF(AC[[#This Row],[Status]]=0,"",AC[[#This Row],[Status]]) -> Active
A17: Active | B17: AC-H | C17: AC Body | D17: SS | E17: Lehigh | F17: 80 | G17: 11603 | H17: 420 | I17: SS 316 | J17: Unknown | K17: None Observed | L17: 1 | M17: 25.4 | N17: 10 | O17: 254 | P17: 125 | Q17: 6015.25 | R17: AMCE 2.5"-4 | S17: 95 | T17: 17500 | U17: 120 | W17: HIP | X17: 39814 | Y17: - | Z17: - | AA17: https://drive.google.com/open?id=1Cz8hYzXueZE-nMj2JosqjLtxxuqopeux&authuser=jrd419%40lehigh.edu&usp=drive_fs | CB17: HPS | CC17: =AC[[#This Row],[UID]] -> AC-H | CD17: Vessel | CF17: =AC[[#This Row],[Part Type]] -> AC Body | CG17: =AC[[#This Row],[Name]] -> SS | CH17: =RIGHT(AC[[#This Row],[UID]],LEN(AC[[#This Row],[UID]])-3) -> H | CL17: =IF(AC[[#This Row],[Status]]=0,"",AC[[#This Row],[Status]]) -> Active
A18: UCSB | B18: AC-K | C18: AC Body | D18: 400 MPa | E18: UCSB | F18: 400 | G18: 58015 | H18: 600 | I18: Rene 41 | J18: Precipitation Hardened | K18: None Observed | L18: - | M18: - | N18: - | O18: - | P18: 23.39 | Q18: - | R18: 1 1/8-12UNF-2B | S18: 420 | T18: 70000 | U18: 482 | W18: JSW | X18: 39845 | Y18: - | Z18: - | AA18: https://drive.google.com/open?id=1TVfObdRQCnDG1RncXQ3FIPc_Bi7SIp6O&authuser=jrd419%40lehigh.edu&usp=drive_fs | CB18: HPS | CC18: =AC[[#This Row],[UID]] -> AC-K | CD18: Vessel | CF18: =AC[[#This Row],[Part Type]] -> AC Body | CG18: =AC[[#This Row],[Name]] -> 400 MPa | CH18: =RIGHT(AC[[#This Row],[UID]],LEN(AC[[#This Row],[UID]])-3) -> K | CL18: =IF(AC[[#This Row],[Status]]=0,"",AC[[#This Row],[Status]]) -> UCSB
A19: UCSB | B19: AC-L | C19: AC Body | D19: 400 MPa | E19: UCSB | F19: 400 | G19: 58015 | H19: 600 | I19: Rene 41 | J19: Precipitation Hardened | K19: None Observed | L19: - | M19: - | N19: - | O19: - | P19: 23.39 | Q19: - | R19: 1 1/8-12UNF-2B | S19: 420 | T19: 70000 | U19: 482 | W19: JSW | X19: 40118 | Y19: - | Z19: - | AA19: https://drive.google.com/open?id=1TVfObdRQCnDG1RncXQ3FIPc_Bi7SIp6O&authuser=jrd419%40lehigh.edu&usp=drive_fs | CB19: HPS | CC19: =AC[[#This Row],[UID]] -> AC-L | CD19: Vessel | CF19: =AC[[#This Row],[Part Type]] -> AC Body | CG19: =AC[[#This Row],[Name]] -> 400 MPa | CH19: =RIGHT(AC[[#This Row],[UID]],LEN(AC[[#This Row],[UID]])-3) -> L | CL19: =IF(AC[[#This Row],[Status]]=0,"",AC[[#This Row],[Status]]) -> UCSB
A20: UCSB | B20: AC-M | C20: AC Body | D20: New 1" | E20: UCSB | F20: 200 | G20: 29008 | H20: 600 | I20: Rene 41 | J20: Precipitation Hardened | K20: None Observed | L20: 1 | M20: 25.4 | N20: 12 | O20: 304.8 | P20: 159.1 | Q20: - | R20: M60x4-6g | S20: 265 | T20: 45000 | U20: 310 | W20: JSW | X20: 39845 | Y20: - | Z20: - | AA20: https://drive.google.com/open?id=113d_Olu0z9ccyHV_PV5r8tnf4eArQJQH&authuser=jrd419%40lehigh.edu&usp=drive_fs | CB20: HPS | CC20: =AC[[#This Row],[UID]] -> AC-M | CD20: Vessel | CF20: =AC[[#This Row],[Part Type]] -> AC Body | CG20: =AC[[#This Row],[Name]] -> New 1" | CH20: =RIGHT(AC[[#This Row],[UID]],LEN(AC[[#This Row],[UID]])-3) -> M | CL20: =IF(AC[[#This Row],[Status]]=0,"",AC[[#This Row],[Status]]) -> UCSB
A21: UCSB | B21: AC-N | C21: AC Body | D21: New 1" | E21: UCSB | F21: 200 | G21: 29008 | H21: 600 | I21: Rene 41 | J21: Precipitation Hardened | K21: None Observed | L21: 1 | M21: 25.4 | N21: 12 | O21: 304.8 | P21: 161.8 | Q21: - | R21: M60x4-6g | S21: 265 | T21: 45000 | U21: 310 | W21: JSW | X21: 40118 | Y21: - | Z21: - | AA21: https://drive.google.com/open?id=113d_Olu0z9ccyHV_PV5r8tnf4eArQJQH&authuser=jrd419%40lehigh.edu&usp=drive_fs | CB21: HPS | CC21: =AC[[#This Row],[UID]] -> AC-N | CD21: Vessel | CF21: =AC[[#This Row],[Part Type]] -> AC Body | CG21: =AC[[#This Row],[Name]] -> New 1" | CH21: =RIGHT(AC[[#This Row],[UID]],LEN(AC[[#This Row],[UID]])-3) -> N | CL21: =IF(AC[[#This Row],[Status]]=0,"",AC[[#This Row],[Status]]) -> UCSB
A22: Active | B22: AC-P | C22: AC Body | D22: New 1" | E22: Lehigh | F22: 200 | G22: 29008 | H22: 600 | I22: Rene 41 | J22: Precipitation Hardened | K22: None Observed | L22: 1 | M22: 25.4 | N22: 12 | O22: 304.8 | P22: 159.1 | Q22: 5152.36 | R22: M60x4-6g | S22: 265 | T22: 50000 | U22: 345 | W22: JSW | X22: 40575 | Y22: - | Z22: - | AA22: https://drive.google.com/open?id=113d_Olu0z9ccyHV_PV5r8tnf4eArQJQH&authuser=jrd419%40lehigh.edu&usp=drive_fs | CB22: HPS | CC22: =AC[[#This Row],[UID]] -> AC-P | CD22: Vessel | CF22: =AC[[#This Row],[Part Type]] -> AC Body | CG22: =AC[[#This Row],[Name]] -> New 1" | CH22: =RIGHT(AC[[#This Row],[UID]],LEN(AC[[#This Row],[UID]])-3) -> P | CL22: =IF(AC[[#This Row],[Status]]=0,"",AC[[#This Row],[Status]]) -> Active
A23: Active | B23: AC-Parr | C23: AC Body | D23: Parr 4" | E23: Lehigh | K23: None Observed | L23: 3.75 | M23: 95.25 | N23: 10.44 | O23: 256.176 | P23: 1900 | R23: - | W23: UCSB | Y23: - | Z23: - | AA23: https://drive.google.com/open?id=1SiLNMuFYcr7wlVPzNkkXcVvHHqrw8UDd&authuser=jrd419%40lehigh.edu&usp=drive_fs | CB23: HPS | CC23: =AC[[#This Row],[UID]] -> AC-Parr | CD23: Vessel | CF23: =AC[[#This Row],[Part Type]] -> AC Body | CG23: =AC[[#This Row],[Name]] -> Parr 4" | CH23: =RIGHT(AC[[#This Row],[UID]],LEN(AC[[#This Row],[UID]])-3) -> Parr | CL23: =IF(AC[[#This Row],[Status]]=0,"",AC[[#This Row],[Status]]) -> Active
A24: Active | B24: AC-Q | C24: AC Body | D24: New 1" | E24: Lehigh | F24: 200 | G24: 29008 | H24: 600 | I24: Rene 41 | J24: Precipitation Hardened | K24: None Observed | L24: 1 | M24: 25.4 | N24: 12 | O24: 304.8 | P24: 157.87 | Q24: 5153.18 | R24: M60x4-6g | S24: 265 | T24: 50000 | U24: 345 | W24: JSW | X24: 40575 | Y24: - | Z24: - | AA24: https://drive.google.com/open?id=113d_Olu0z9ccyHV_PV5r8tnf4eArQJQH&authuser=jrd419%40lehigh.edu&usp=drive_fs | CB24: HPS | CC24: =AC[[#This Row],[UID]] -> AC-Q | CD24: Vessel | CF24: =AC[[#This Row],[Part Type]] -> AC Body | CG24: =AC[[#This Row],[Name]] -> New 1" | CH24: =RIGHT(AC[[#This Row],[UID]],LEN(AC[[#This Row],[UID]])-3) -> Q | CL24: =IF(AC[[#This Row],[Status]]=0,"",AC[[#This Row],[Status]]) -> Active
A25: Active | B25: AC-R | C25: AC Body | D25: New 1" | E25: Lehigh | F25: 200 | G25: 29008 | H25: 600 | I25: Rene 41 | J25: Precipitation Hardened | K25: None Observed | L25: 1 | M25: 25.4 | N25: 12 | O25: 304.8 | P25: 158.96 | Q25: 5140.09 | R25: M60x4-6g | S25: 265 | T25: 50000 | U25: 345 | W25: JSW | X25: 40575 | Y25: - | Z25: - | AA25: https://drive.google.com/open?id=113d_Olu0z9ccyHV_PV5r8tnf4eArQJQH&authuser=jrd419%40lehigh.edu&usp=drive_fs | CB25: HPS | CC25: =AC[[#This Row],[UID]] -> AC-R | CD25: Vessel | CF25: =AC[[#This Row],[Part Type]] -> AC Body | CG25: =AC[[#This Row],[Name]] -> New 1" | CH25: =RIGHT(AC[[#This Row],[UID]],LEN(AC[[#This Row],[UID]])-3) -> R | CL25: =IF(AC[[#This Row],[Status]]=0,"",AC[[#This Row],[Status]]) -> Active
A26: Active | B26: AC-TA | C26: AC Body | D26: TZM-13-260-10 | E26: Lehigh | F26: 16 | G26: 2320 | H26: 1000 | I26: TZM B387-19, Type 364 | J26: Stress-relieved | K26: None Observed | L26: 0.531 | M26: 13.5 | N26: 10.5 | O26: 266.7 | P26: 38.18 | Q26: 647.738 | R26: 7/8-14 RH&LH | S26: 16 | T26: 4500 | U26: 31 | W26: MTS | X26: 220914 | Y26: 481 / 31481 / 070122,WH:14 | Z26: PU055950 | AA26: https://drive.google.com/open?id=11HuA0hK7QDqJxJ2C8ydmKd7ep_n_RWv1&authuser=fsm217%40lehigh.edu&usp=drive_fs | CB26: HPS | CC26: =AC[[#This Row],[UID]] -> AC-TA | CD26: Vessel | CF26: =AC[[#This Row],[Part Type]] -> AC Body | CG26: =AC[[#This Row],[Name]] -> TZM-13-260-10 | CH26: =RIGHT(AC[[#This Row],[UID]],LEN(AC[[#This Row],[UID]])-3) -> TA | CL26: =IF(AC[[#This Row],[Status]]=0,"",AC[[#This Row],[Status]]) -> Active
A27: Active | B27: AC-TB | C27: AC Body | D27: TZM-13-260-10 | E27: Lehigh | F27: 16 | G27: 2320 | H27: 1000 | I27: TZM B387-19, Type 364 | J27: Stress-relieved | K27: None Observed | L27: 0.531 | M27: 13.5 | N27: 10.5 | O27: 266.7 | P27: 38.18 | Q27: 646.15267 | R27: 7/8-14 RH&LH | S27: 16 | T27: 4500 | U27: 31 | W27: MTS | X27: 220914 | Y27: 481 / 31481 / 070122,WH:14 | Z27: PU055950 | AA27: https://drive.google.com/open?id=11HuA0hK7QDqJxJ2C8ydmKd7ep_n_RWv1&authuser=fsm217%40lehigh.edu&usp=drive_fs | CB27: HPS | CC27: =AC[[#This Row],[UID]] -> AC-TB | CD27: Vessel | CF27: =AC[[#This Row],[Part Type]] -> AC Body | CG27: =AC[[#This Row],[Name]] -> TZM-13-260-10 | CH27: =RIGHT(AC[[#This Row],[UID]],LEN(AC[[#This Row],[UID]])-3) -> TB | CL27: =IF(AC[[#This Row],[Status]]=0,"",AC[[#This Row],[Status]]) -> Active
A28: Active | B28: AC-TC | C28: AC Body | D28: TZM-13-260-10 | E28: Lehigh | F28: 16 | G28: 2320 | H28: 1000 | I28: TZM B387-19, Type 364 | J28: Stress-relieved | K28: None Observed | L28: 0.531 | M28: 13.5 | N28: 10.5 | O28: 266.7 | P28: 38.18 | Q28: 641.007 | R28: 7/8-14 RH | S28: 16 | T28: 4500 | U28: 31 | W28: MTS | X28: 220428 | Y28: A78945 32570 | Z28: PU065371 | AA28: https://drive.google.com/open?id=1e4-heItkSoT4TKdDcrDT1Yz11ANbYO2u&authuser=fsm217%40lehigh.edu&usp=drive_fs | CB28: HPS | CC28: =AC[[#This Row],[UID]] -> AC-TC | CD28: Vessel | CF28: =AC[[#This Row],[Part Type]] -> AC Body | CG28: =AC[[#This Row],[Name]] -> TZM-13-260-10 | CH28: =RIGHT(AC[[#This Row],[UID]],LEN(AC[[#This Row],[UID]])-3) -> TC | CL28: =IF(AC[[#This Row],[Status]]=0,"",AC[[#This Row],[Status]]) -> Active
A29: Active | B29: AC-TD | C29: AC Body | D29: TZM-13-260-10 | E29: Lehigh | F29: 16 | G29: 2320 | H29: 1000 | I29: TZM B387-19, Type 364 | J29: Stress-relieved | K29: None Observed | L29: 0.531 | M29: 13.5 | N29: 10.5 | O29: 266.7 | P29: 38.18 | Q29: 639.074 | R29: 7/8-14 RH | S29: 16 | T29: 4500 | U29: 31 | W29: MTS | X29: 220428 | Y29: A78945 32570 | Z29: PU065371 | AA29: https://drive.google.com/open?id=1e4-heItkSoT4TKdDcrDT1Yz11ANbYO2u&authuser=fsm217%40lehigh.edu&usp=drive_fs | CB29: HPS | CC29: =AC[[#This Row],[UID]] -> AC-TD | CD29: Vessel | CF29: =AC[[#This Row],[Part Type]] -> AC Body | CG29: =AC[[#This Row],[Name]] -> TZM-13-260-10 | CH29: =RIGHT(AC[[#This Row],[UID]],LEN(AC[[#This Row],[UID]])-3) -> TD | CL29: =IF(AC[[#This Row],[Status]]=0,"",AC[[#This Row],[Status]]) -> Active
A30: Active | B30: AC-TE | C30: AC Body | D30: TZM-13-260-10 | E30: Lehigh | F30: 16 | G30: 2320 | H30: 1000 | I30: TZM B387-19, Type 364 | J30: Stress-relieved | K30: None Observed | L30: 0.531 | M30: 13.5 | N30: 10.5 | O30: 266.7 | P30: 38.18 | Q30: 637.872 | R30: 7/8-14 RH | S30: 16 | T30: 4500 | U30: 31 | W30: MTS | X30: 220428 | Y30: A78945 32570 | Z30: PU065371 | AA30: https://drive.google.com/open?id=1e4-heItkSoT4TKdDcrDT1Yz11ANbYO2u&authuser=fsm217%40lehigh.edu&usp=drive_fs | CB30: HPS | CC30: =AC[[#This Row],[UID]] -> AC-TE | CD30: Vessel | CF30: =AC[[#This Row],[Part Type]] -> AC Body | CG30: =AC[[#This Row],[Name]] -> TZM-13-260-10 | CH30: =RIGHT(AC[[#This Row],[UID]],LEN(AC[[#This Row],[UID]])-3) -> TE | CL30: =IF(AC[[#This Row],[Status]]=0,"",AC[[#This Row],[Status]]) -> Active
A31: New | B31: AC-TF | C31: AC Body | D31: TZM-13-260-13 | E31: Lehigh | F31: 16 | G31: 2320 | H31: 1000 | I31: TZM B387 Type 364 | J31: Stress-relieved | K31: None Observed | L31: 0.531 | M31: 13.5 | N31: 13.5 | O31: 342.9 | P31: 38.18 | Q31: 672.743 | R31: 7/8-14 RH&RH | S31: 16 | T31: 4500 | U31: 31 | V31: "{ "Axial Position (mm)": [0,0.79,0.8,342.11,342.31,342.61,342.9], "Cross-Sectional Area (mm^2)": [375.73,308.3,143.14,308.3,310.36,324.72,375.73], "Contact Plane": ["SP-FACE-M-v","","","","","","SP-FACE-M-^"], "Transition Model": ["2863.4*x**6 - 8057.9*x**5 + 9073.6*x**4 - 5266.3*x**3 + 1770.5*x**2 - 413.44*x + 375.72","Constant","Constant","64.00000000*x**2 - 43792.57999996*x + 7491675.70939319","58.33333333*x**3 - 59842.24999872*x**2 + 20463401.3937302*x - 2332525840.61997","2438.39483767*x**3 - 2506766.8844556*x**2 + 859018772.787831*x - 98122848429.1125","Constant"] }" | W31: Efinea | X31: 240709 | Y31: #523240625 / TZM240523 | Z31: PU087594 | CB31: HPS | CC31: =AC[[#This Row],[UID]] -> AC-TF | CD31: Vessel | CF31: =AC[[#This Row],[Part Type]] -> AC Body | CG31: =AC[[#This Row],[Name]] -> TZM-13-260-13 | CH31: =RIGHT(AC[[#This Row],[UID]],LEN(AC[[#This Row],[UID]])-3) -> TF | CL31: =IF(AC[[#This Row],[Status]]=0,"",AC[[#This Row],[Status]]) -> New
A32: New | B32: AC-TG | C32: AC Body | D32: TZM-13-260-10-DE | E32: Lehigh | F32: 16 | G32: 2320 | H32: 1000 | I32: TZM B387 Type 364 | J32: Stress-relieved | K32: None Observed | L32: 0.531 | M32: 13.5 | N32: 10.5 | O32: 266.7 | P32: 38.18 | Q32: 833.428 | R32: 7/8-14 RH&DeadEnd | S32: 16 | T32: 4500 | U32: 31 | V32: "{ "Axial Position (mm)": [0,9.53,16.28,265.91,265.92,266.3,266.7], "Cross-Sectional Area (mm^2)": [0,1,143.14,143.14,168.11,172.73,202.39], "Contact Plane": ["MP-REST-S-v","","","","","","SP-FACE-M-^"], "Transition Model": ["Constant","-0.0013513259*x**5 + 0.0923648179*x**4 - 2.5143650631*x**3 + 30.9322769461*x**2 - 127.5836205896*x - 71.8248929645","Constant","Constant","9.4507101625*x**4 - 10046.2260390019*x**3 + 4004750.72914589*x**2 - 709525967.113341*x + 47140605165.743","2383.3333333433*x**4 - 2539998.33334398*x**3 + 1015110580.67095*x**2 - 180306245316.931*x + 12009901986121.7","Constant"] }" | W32: Efinea | X32: 240709 | Y32: #523240625 / TZM240523 | Z32: PU087594 | CB32: HPS | CC32: =AC[[#This Row],[UID]] -> AC-TG | CD32: Vessel | CF32: =AC[[#This Row],[Part Type]] -> AC Body | CG32: =AC[[#This Row],[Name]] -> TZM-13-260-10-DE | CH32: =RIGHT(AC[[#This Row],[UID]],LEN(AC[[#This Row],[UID]])-3) -> TG | CL32: =IF(AC[[#This Row],[Status]]=0,"",AC[[#This Row],[Status]]) -> New
A33: UCSB | B33: AC-Z | C33: AC Body | D33: 2" | E33: UCSB | F33: 270 | G33: 43511 | H33: 600 | I33: Rene 41 | J33: Precipitation Hardened | K33: None Observed | L33: - | M33: - | N33: - | O33: - | P33: - | Q33: - | R33: - | S33: 315 | T33: 60000 | U33: 415 | W33: JSW | X33: 40118 | Y33: - | Z33: - | AA33: https://drive.google.com/open?id=11_I3GHd-ONX5mnhum8FPQixS8TAu2a1d&authuser=jrd419%40lehigh.edu&usp=drive_fs | CB33: HPS | CC33: =AC[[#This Row],[UID]] -> AC-Z | CD33: Vessel | CF33: =AC[[#This Row],[Part Type]] -> AC Body | CG33: =AC[[#This Row],[Name]] -> 2" | CH33: =RIGHT(AC[[#This Row],[UID]],LEN(AC[[#This Row],[UID]])-3) -> Z | CL33: =IF(AC[[#This Row],[Status]]=0,"",AC[[#This Row],[Status]]) -> UCSB
CB34: HPS | CC34: =AC[[#This Row],[UID]] -> 0 | CD34: Vessel | CF34: =AC[[#This Row],[Part Type]] -> 0 | CG34: =AC[[#This Row],[Name]] -> 0 | CH34: =RIGHT(AC[[#This Row],[UID]],LEN(AC[[#This Row],[UID]])-3) -> #VALUE! | CL34: =IF(AC[[#This Row],[Status]]=0,"",AC[[#This Row],[Status]])
CB35: HPS | CC35: =AC[[#This Row],[UID]] -> 0 | CD35: Vessel | CF35: =AC[[#This Row],[Part Type]] -> 0 | CG35: =AC[[#This Row],[Name]] -> 0 | CH35: =RIGHT(AC[[#This Row],[UID]],LEN(AC[[#This Row],[UID]])-3) -> #VALUE! | CL35: =IF(AC[[#This Row],[Status]]=0,"",AC[[#This Row],[Status]])
CB36: HPS | CC36: =AC[[#This Row],[UID]] -> 0 | CD36: Vessel | CF36: =AC[[#This Row],[Part Type]] -> 0 | CG36: =AC[[#This Row],[Name]] -> 0 | CH36: =RIGHT(AC[[#This Row],[UID]],LEN(AC[[#This Row],[UID]])-3) -> #VALUE! | CL36: =IF(AC[[#This Row],[Status]]=0,"",AC[[#This Row],[Status]])
CB37: HPS | CC37: =AC[[#This Row],[UID]] -> 0 | CD37: Vessel | CF37: =AC[[#This Row],[Part Type]] -> 0 | CG37: =AC[[#This Row],[Name]] -> 0 | CH37: =RIGHT(AC[[#This Row],[UID]],LEN(AC[[#This Row],[UID]])-3) -> #VALUE! | CL37: =IF(AC[[#This Row],[Status]]=0,"",AC[[#This Row],[Status]])
CB38: HPS | CC38: =AC[[#This Row],[UID]] -> 0 | CD38: Vessel | CF38: =AC[[#This Row],[Part Type]] -> 0 | CG38: =AC[[#This Row],[Name]] -> 0 | CH38: =RIGHT(AC[[#This Row],[UID]],LEN(AC[[#This Row],[UID]])-3) -> #VALUE! | CL38: =IF(AC[[#This Row],[Status]]=0,"",AC[[#This Row],[Status]])
CB39: HPS | CC39: =AC[[#This Row],[UID]] -> 0 | CD39: Vessel | CF39: =AC[[#This Row],[Part Type]] -> 0 | CG39: =AC[[#This Row],[Name]] -> 0 | CH39: =RIGHT(AC[[#This Row],[UID]],LEN(AC[[#This Row],[UID]])-3) -> #VALUE! | CL39: =IF(AC[[#This Row],[Status]]=0,"",AC[[#This Row],[Status]])
CB40: HPS | CC40: =AC[[#This Row],[UID]] -> 0 | CD40: Vessel | CF40: =AC[[#This Row],[Part Type]] -> 0 | CG40: =AC[[#This Row],[Name]] -> 0 | CH40: =RIGHT(AC[[#This Row],[UID]],LEN(AC[[#This Row],[UID]])-3) -> #VALUE! | CL40: =IF(AC[[#This Row],[Status]]=0,"",AC[[#This Row],[Status]])
CB41: HPS | CC41: =AC[[#This Row],[UID]] -> 0 | CD41: Vessel | CF41: =AC[[#This Row],[Part Type]] -> 0 | CG41: =AC[[#This Row],[Name]] -> 0 | CH41: =RIGHT(AC[[#This Row],[UID]],LEN(AC[[#This Row],[UID]])-3) -> #VALUE! | CL41: =IF(AC[[#This Row],[Status]]=0,"",AC[[#This Row],[Status]])
CB42: HPS | CC42: =AC[[#This Row],[UID]] -> 0 | CD42: Vessel | CF42: =AC[[#This Row],[Part Type]] -> 0 | CG42: =AC[[#This Row],[Name]] -> 0 | CH42: =RIGHT(AC[[#This Row],[UID]],LEN(AC[[#This Row],[UID]])-3) -> #VALUE! | CL42: =IF(AC[[#This Row],[Status]]=0,"",AC[[#This Row],[Status]])
CB43: HPS | CC43: =AC[[#This Row],[UID]] -> 0 | CD43: Vessel | CF43: =AC[[#This Row],[Part Type]] -> 0 | CG43: =AC[[#This Row],[Name]] -> 0 | CH43: =RIGHT(AC[[#This Row],[UID]],LEN(AC[[#This Row],[UID]])-3) -> #VALUE! | CL43: =IF(AC[[#This Row],[Status]]=0,"",AC[[#This Row],[Status]])
CB44: HPS | CC44: =AC[[#This Row],[UID]] -> 0 | CD44: Vessel | CF44: =AC[[#This Row],[Part Type]] -> 0 | CG44: =AC[[#This Row],[Name]] -> 0 | CH44: =RIGHT(AC[[#This Row],[UID]],LEN(AC[[#This Row],[UID]])-3) -> #VALUE! | CL44: =IF(AC[[#This Row],[Status]]=0,"",AC[[#This Row],[Status]])
CB45: HPS | CC45: =AC[[#This Row],[UID]] -> 0 | CD45: Vessel | CF45: =AC[[#This Row],[Part Type]] -> 0 | CG45: =AC[[#This Row],[Name]] -> 0 | CH45: =RIGHT(AC[[#This Row],[UID]],LEN(AC[[#This Row],[UID]])-3) -> #VALUE! | CL45: =IF(AC[[#This Row],[Status]]=0,"",AC[[#This Row],[Status]])
... CB101: HPS | CC101: =AC[[#This Row],[UID]] -> 0 | CD101: Vessel | CF101: =AC[[#This Row],[Part Type]] -> 0 | CG101: =AC[[#This Row],[Name]] -> 0 | CH101: =RIGHT(AC[[#This Row],[UID]],LEN(AC[[#This Row],[UID]])-3) -> #VALUE! | CL101: =IF(AC[[#This Row],[Status]]=0,"",AC[[#This Row],[Status]])

Sheet AD
A1: Status | B1: Part Type | C1: UID | D1: Pressure Rating (psi) | E1: Part Nr. | F1: Mass Measurment Date | G1: Mass (g) | H1: Inlet 1 | I1: Inlet 2 | J1: Length (inch) | K1: ID (inch) | L1: Type | M1: Material | N1: Prior UnitID | O1: Notes | P1: PO | Q1: Vendor | R1: Website | BZ1: EXP Style | CA1: Setup Location | CB1: Setup Sub-Location | CC1: Sub-Setup Assembly | CD1: IO type | CE1: Zone | CF1: Device Type | CG1: Device Tag | CH1: Device Location | CI1: Circuit | CJ1: Power Source | CK1: Status
A2: Superceded | B2: Adaptors | C2: AD-K2 | D2: 60000 | E2: 60-21HF4HF6 | F2: 220930 | G2: 162.69 | H2: F375C | I2: F250C | J2: 1.625 | K2: 0.0625 | L2: Long | M2: 316 SS | N2: - | O2: - | P2: UCSB | Q2: HIP | R2: https://www.highpressure.com/pdfs/section/Accessories.pdf | BZ2: Table Format | CA2: HPS | CB2: AC | CC2: Vessel | CE2: =AD[[#This Row],[Part Type]] -> Adaptors | CF2: =AD[[#This Row],[Part Nr.]] -> 60-21HF4HF6 | CG2: =AD[[#This Row],[UID]] -> AD-K2 | CK2: =IF(AD[[#This Row],[Status]]=0,"",AD[[#This Row],[Status]]) -> Superceded
A3: Superceded | B3: Adaptors | C3: AD-L1 | D3: 60000 | E3: 60-21HF4HF6 | F3: 220930 | G3: 162.701 | H3: F375C | I3: F250C | J3: 1.625 | K3: 0.0625 | L3: Long | M3: 316 SS | N3: - | O3: - | P3: UCSB | Q3: HIP | R3: https://www.highpressure.com/pdfs/section/Accessories.pdf | CA3: HPS | CB3: AC | CC3: Vessel | CE3: =AD[[#This Row],[Part Type]] -> Adaptors | CF3: =AD[[#This Row],[Part Nr.]] -> 60-21HF4HF6 | CG3: =AD[[#This Row],[UID]] -> AD-L1 | CK3: =IF(AD[[#This Row],[Status]]=0,"",AD[[#This Row],[Status]]) -> Superceded
A4: Superceded | B4: Adaptors | C4: AD-N1 | D4: 60000 | E4: 60-21HF4HF6 | F4: 220930 | G4: 162.811 | H4: F375C | I4: F250C | J4: 1.625 | K4: 0.0625 | L4: Long | M4: 316 SS | N4: - | O4: - | P4: UCSB | Q4: HIP | R4: https://www.highpressure.com/pdfs/section/Accessories.pdf | CA4: HPS | CB4: AC | CC4: Vessel | CE4: =AD[[#This Row],[Part Type]] -> Adaptors | CF4: =AD[[#This Row],[Part Nr.]] -> 60-21HF4HF6 | CG4: =AD[[#This Row],[UID]] -> AD-N1 | CK4: =IF(AD[[#This Row],[Status]]=0,"",AD[[#This Row],[Status]]) -> Superceded
A5: Superceded | B5: Adaptors | C5: AD-P1 | D5: 60000 | E5: 60-21HF4HF6 | F5: 220930 | G5: 160.929 | H5: F375C | I5: F250C | J5: 1.625 | K5: 0.0625 | L5: Long | M5: 316 SS | N5: - | O5: - | P5: UCSB | Q5: HIP | R5: https://www.highpressure.com/pdfs/section/Accessories.pdf | CA5: HPS | CB5: AC | CC5: Vessel | CE5: =AD[[#This Row],[Part Type]] -> Adaptors | CF5: =AD[[#This Row],[Part Nr.]] -> 60-21HF4HF6 | CG5: =AD[[#This Row],[UID]] -> AD-P1 | CK5: =IF(AD[[#This Row],[Status]]=0,"",AD[[#This Row],[Status]]) -> Superceded
A6: Superceded | B6: Adaptors | C6: AD-Q1 | D6: 60000 | E6: 60-21HF4HF6 | F6: 220930 | G6: 161.149 | H6: F375C | I6: F250C | J6: 1.625 | K6: 0.0625 | L6: Long | M6: 316 SS | N6: - | O6: - | P6: UCSB | Q6: HIP | R6: https://www.highpressure.com/pdfs/section/Accessories.pdf | CA6: HPS | CB6: AC | CC6: Vessel | CE6: =AD[[#This Row],[Part Type]] -> Adaptors | CF6: =AD[[#This Row],[Part Nr.]] -> 60-21HF4HF6 | CG6: =AD[[#This Row],[UID]] -> AD-Q1 | CK6: =IF(AD[[#This Row],[Status]]=0,"",AD[[#This Row],[Status]]) -> Superceded
A7: Superceded | B7: Adaptors | C7: AD-R1 | D7: 60000 | E7: 60-21HF4HF6 | F7: 220930 | G7: 160.993 | H7: F375C | I7: F250C | J7: 1.625 | K7: 0.0625 | L7: Long | M7: 316 SS | N7: - | O7: - | P7: UCSB | Q7: HIP | R7: https://www.highpressure.com/pdfs/section/Accessories.pdf | CA7: HPS | CB7: AC | CC7: Vessel | CE7: =AD[[#This Row],[Part Type]] -> Adaptors | CF7: =AD[[#This Row],[Part Nr.]] -> 60-21HF4HF6 | CG7: =AD[[#This Row],[UID]] -> AD-R1 | CK7: =IF(AD[[#This Row],[Status]]=0,"",AD[[#This Row],[Status]]) -> Superceded
A8: Active | B8: Adaptors | C8: AD-1 | D8: 60000 | E8: 60-21HF6HM4 | F8: 220929 | G8: 418.217 | H8: F375C | I8: M250C | J8: 1.75 | K8: 0.0625 | L8: Short | M8: 316 SS | N8: - | O8: - | P8: UCSB | Q8: HIP | R8: https://www.highpressure.com/pdfs/section/Accessories.pdf | CA8: HPS | CB8: AC | CC8: Vessel | CE8: =AD[[#This Row],[Part Type]] -> Adaptors | CF8: =AD[[#This Row],[Part Nr.]] -> 60-21HF6HM4 | CG8: =AD[[#This Row],[UID]] -> AD-1 | CK8: =IF(AD[[#This Row],[Status]]=0,"",AD[[#This Row],[Status]]) -> Active
A9: Active | B9: Adaptors | C9: AD-2 | D9: 60000 | E9: 60-21HF6HM4 | F9: 220930 | G9: 416.151 | H9: F375C | I9: M250C | J9: 1.75 | K9: 0.0625 | L9: Short | M9: 316 SS | N9: - | O9: - | P9: UCSB | Q9: HIP | R9: https://www.highpressure.com/pdfs/section/Accessories.pdf | CA9: HPS | CB9: AC | CC9: Vessel | CE9: =AD[[#This Row],[Part Type]] -> Adaptors | CF9: =AD[[#This Row],[Part Nr.]] -> 60-21HF6HM4 | CG9: =AD[[#This Row],[UID]] -> AD-2 | CK9: =IF(AD[[#This Row],[Status]]=0,"",AD[[#This Row],[Status]]) -> Active
A10: Active | B10: Adaptors | C10: AD-3 | D10: 60000 | E10: 60-21HF6HM4 | F10: 220930 | G10: 417.313 | H10: F375C | I10: M250C | J10: 1.75 | K10: 0.0625 | L10: Short | M10: 316 SS | N10: - | O10: - | P10: UCSB | Q10: HIP | R10: https://www.highpressure.com/pdfs/section/Accessories.pdf | CA10: HPS | CB10: AC | CC10: Vessel | CE10: =AD[[#This Row],[Part Type]] -> Adaptors | CF10: =AD[[#This Row],[Part Nr.]] -> 60-21HF6HM4 | CG10: =AD[[#This Row],[UID]] -> AD-3 | CK10: =IF(AD[[#This Row],[Status]]=0,"",AD[[#This Row],[Status]]) -> Active
A11: Active | B11: Adaptors | C11: AD-4 | D11: 60000 | E11: 60-21HF6HM4 | F11: 220930 | G11: 417.173 | H11: F375C | I11: M250C | J11: 1.75 | K11: 0.0625 | L11: Short | M11: 316 SS | N11: - | O11: - | P11: UCSB | Q11: HIP | R11: https://www.highpressure.com/pdfs/section/Accessories.pdf | CA11: HPS | CB11: AC | CC11: Vessel | CE11: =AD[[#This Row],[Part Type]] -> Adaptors | CF11: =AD[[#This Row],[Part Nr.]] -> 60-21HF6HM4 | CG11: =AD[[#This Row],[UID]] -> AD-4 | CK11: =IF(AD[[#This Row],[Status]]=0,"",AD[[#This Row],[Status]]) -> Active
A12: Active | B12: Adaptors | C12: AD-5 | D12: 60000 | E12: 60-21HF6HM4 | F12: 220930 | G12: 415.3 | H12: F375C | I12: M250C | J12: 1.75 | K12: 0.0625 | L12: Short | M12: 316 SS | N12: - | O12: - | P12: UCSB | Q12: HIP | R12: https://www.highpressure.com/pdfs/section/Accessories.pdf | CA12: HPS | CB12: AC | CC12: Vessel | CE12: =AD[[#This Row],[Part Type]] -> Adaptors | CF12: =AD[[#This Row],[Part Nr.]] -> 60-21HF6HM4 | CG12: =AD[[#This Row],[UID]] -> AD-5 | CK12: =IF(AD[[#This Row],[Status]]=0,"",AD[[#This Row],[Status]]) -> Active
A13: Active | B13: Adaptors | C13: AD-6 | D13: 60000 | E13: 60-21HF6HM4 | F13: 220930 | G13: 408.122 | H13: F375C | I13: M250C | J13: 1.75 | K13: 0.0625 | L13: Short | M13: 316 SS | N13: - | O13: - | P13: UCSB | Q13: HIP | R13: https://www.highpressure.com/pdfs/section/Accessories.pdf | CA13: HPS | CB13: AC | CC13: Vessel | CE13: =AD[[#This Row],[Part Type]] -> Adaptors | CF13: =AD[[#This Row],[Part Nr.]] -> 60-21HF6HM4 | CG13: =AD[[#This Row],[UID]] -> AD-6 | CK13: =IF(AD[[#This Row],[Status]]=0,"",AD[[#This Row],[Status]]) -> Active
A14: Retired | B14: Adaptors | C14: AD-7 | D14: 60000 | E14: 60-21HF6HM4 | F14: 220930 | G14: 416.68 | H14: F375C | I14: M250C | J14: 1.75 | K14: 0.0625 | L14: Short | M14: 316 SS | N14: - | O14: - | P14: UCSB | Q14: HIP | R14: https://www.highpressure.com/pdfs/section/Accessories.pdf | CA14: HPS | CB14: AC | CC14: Vessel | CE14: =AD[[#This Row],[Part Type]] -> Adaptors | CF14: =AD[[#This Row],[Part Nr.]] -> 60-21HF6HM4 | CG14: =AD[[#This Row],[UID]] -> AD-7 | CK14: =IF(AD[[#This Row],[Status]]=0,"",AD[[#This Row],[Status]]) -> Retired
... A47: Active | B47: Adaptors | C47: AD-40 | D47: 100000 | E47: 100-21XF6XM4 | F47: 230215 | G47: 202.686 | H47: F375C | I47: M250C | J47: 2.5 | K47: 0.0625 | L47: Short | M47: Inconel 718 | N47: - | O47: - | P47: UCSB | Q47: HIP | R47: https://www.highpressure.com/pdfs/section/Accessories.pdf | CA47: HPS | CB47: AC | CC47: Vessel | CE47: =AD[[#This Row],[Part Type]] -> Adaptors | CF47: =AD[[#This Row],[Part Nr.]] -> 100-21XF6XM4 | CG47: =AD[[#This Row],[UID]] -> AD-40 | CK47: =IF(AD[[#This Row],[Status]]=0,"",AD[[#This Row],[Status]]) -> Active
A48: Active | B48: Adaptors | C48: AD-41 | D48: 60000 | E48: Custom | F48: 250131 | G48: 742.767 | CA48: HPS | CB48: AC | CC48: Vessel | CE48: =AD[[#This Row],[Part Type]] -> Adaptors | CF48: =AD[[#This Row],[Part Nr.]] -> Custom | CG48: =AD[[#This Row],[UID]] -> AD-41 | CK48: =IF(AD[[#This Row],[Status]]=0,"",AD[[#This Row],[Status]]) -> Active
A49: Active | B49: Adaptors | C49: AD-42 | D49: 60000 | E49: Custom | F49: 250131 | G49: 739.566 | CA49: HPS | CB49: AC | CC49: Vessel | CE49: =AD[[#This Row],[Part Type]] -> Adaptors | CF49: =AD[[#This Row],[Part Nr.]] -> Custom | CG49: =AD[[#This Row],[UID]] -> AD-42 | CK49: =IF(AD[[#This Row],[Status]]=0,"",AD[[#This Row],[Status]]) -> Active
CA50: HPS | CB50: AC | CC50: Vessel | CE50: =AD[[#This Row],[Part Type]] -> 0 | CF50: =AD[[#This Row],[Part Nr.]] -> 0 | CG50: =AD[[#This Row],[UID]] -> 0 | CK50: =IF(AD[[#This Row],[Status]]=0,"",AD[[#This Row],[Status]])
CA51: HPS | CB51: AC | CC51: Vessel | CE51: =AD[[#This Row],[Part Type]] -> 0 | CF51: =AD[[#This Row],[Part Nr.]] -> 0 | CG51: =AD[[#This Row],[UID]] -> 0 | CK51: =IF(AD[[#This Row],[Status]]=0,"",AD[[#This Row],[Status]])
CA52: HPS | CB52: AC | CC52: Vessel | CE52: =AD[[#This Row],[Part Type]] -> 0 | CF52: =AD[[#This Row],[Part Nr.]] -> 0 | CG52: =AD[[#This Row],[UID]] -> 0 | CK52: =IF(AD[[#This Row],[Status]]=0,"",AD[[#This Row],[Status]])
CA53: HPS | CB53: AC | CC53: Vessel | CE53: =AD[[#This Row],[Part Type]] -> 0 | CF53: =AD[[#This Row],[Part Nr.]] -> 0 | CG53: =AD[[#This Row],[UID]] -> 0 | CK53: =IF(AD[[#This Row],[Status]]=0,"",AD[[#This Row],[Status]])
CA54: HPS | CB54: AC | CC54: Vessel | CE54: =AD[[#This Row],[Part Type]] -> 0 | CF54: =AD[[#This Row],[Part Nr.]] -> 0 | CG54: =AD[[#This Row],[UID]] -> 0 | CK54: =IF(AD[[#This Row],[Status]]=0,"",AD[[#This Row],[Status]])
CA55: HPS | CB55: AC | CC55: Vessel | CE55: =AD[[#This Row],[Part Type]] -> 0 | CF55: =AD[[#This Row],[Part Nr.]] -> 0 | CG55: =AD[[#This Row],[UID]] -> 0 | CK55: =IF(AD[[#This Row],[Status]]=0,"",AD[[#This Row],[Status]])
CA56: HPS | CB56: AC | CC56: Vessel | CE56: =AD[[#This Row],[Part Type]] -> 0 | CF56: =AD[[#This Row],[Part Nr.]] -> 0 | CG56: =AD[[#This Row],[UID]] -> 0 | CK56: =IF(AD[[#This Row],[Status]]=0,"",AD[[#This Row],[Status]])
CA57: HPS | CB57: AC | CC57: Vessel | CE57: =AD[[#This Row],[Part Type]] -> 0 | CF57: =AD[[#This Row],[Part Nr.]] -> 0 | CG57: =AD[[#This Row],[UID]] -> 0 | CK57: =IF(AD[[#This Row],[Status]]=0,"",AD[[#This Row],[Status]])
CA58: HPS | CB58: AC | CC58: Vessel | CE58: =AD[[#This Row],[Part Type]] -> 0 | CF58: =AD[[#This Row],[Part Nr.]] -> 0 | CG58: =AD[[#This Row],[UID]] -> 0 | CK58: =IF(AD[[#This Row],[Status]]=0,"",AD[[#This Row],[Status]])
CA59: HPS | CB59: AC | CC59: Vessel | CE59: =AD[[#This Row],[Part Type]] -> 0 | CF59: =AD[[#This Row],[Part Nr.]] -> 0 | CG59: =AD[[#This Row],[UID]] -> 0 | CK59: =IF(AD[[#This Row],[Status]]=0,"",AD[[#This Row],[Status]])
CA60: HPS | CB60: AC | CC60: Vessel | CE60: =AD[[#This Row],[Part Type]] -> 0 | CF60: =AD[[#This Row],[Part Nr.]] -> 0 | CG60: =AD[[#This Row],[UID]] -> 0 | CK60: =IF(AD[[#This Row],[Status]]=0,"",AD[[#This Row],[Status]])
CA61: HPS | CB61: AC | CC61: Vessel | CE61: =AD[[#This Row],[Part Type]] -> 0 | CF61: =AD[[#This Row],[Part Nr.]] -> 0 | CG61: =AD[[#This Row],[UID]] -> 0 | CK61: =IF(AD[[#This Row],[Status]]=0,"",AD[[#This Row],[Status]])
... CA111: HPS | CB111: AC | CC111: Vessel | CE111: =AD[[#This Row],[Part Type]] -> 0 | CF111: =AD[[#This Row],[Part Nr.]] -> 0 | CG111: =AD[[#This Row],[UID]] -> 0 | CK111: =IF(AD[[#This Row],[Status]]=0,"",AD[[#This Row],[Status]])

Sheet CR
A1: Status | B1: Part Type | C1: UID | D1: Pressure Rating (psi) | E1: Part Nr. | F1: Mass Measurment Date | G1: Mass (g) | H1: Inlet 1 | I1: Inlet 2 | J1: Inlet 3 | K1: Inlet 4 | L1: Length (inch) | M1: Width (inch) | N1: Depth (inch) | O1: ID (inch) | P1: Type | Q1: Material | R1: Prior UnitID | S1: Notes | T1: PO | U1: Vendor | V1: Website | BZ1: EXP Style | CA1: Setup Location | CB1: Setup Sub-Location | CC1: Sub-Setup Assembly | CD1: IO type | CE1: Zone | CF1: Device Type | CG1: Device Tag | CH1: Device Location | CI1: Circuit | CJ1: Power Source | CK1: Status
A2: Active | B2: Cross | C2: CR-1 | D2: 60000 | E2: 60-24HF4 | F2: 220929 | G2: 418.217 | H2: F250C | I2: F250C | J2: F250C | K2: F250C | L2: 2 | M2: 1.5 | N2: 1 | O2: 0.0625 | P2: Cross | Q2: 316 SS | R2: - | S2: - | T2: UCSB | U2: HIP | V2: https://www.highpressure.com/pdfs/section/HighPressure.pdf | BZ2: Table Format | CA2: HPS | CB2: AC | CC2: Head | CE2: =CR[[#This Row],[Part Type]] -> Cross | CF2: =CR[[#This Row],[Part Nr.]] -> 60-24HF4 | CG2: =CR[[#This Row],[UID]] -> CR-1 | CK2: =IF(CR[[#This Row],[Status]]=0,"",CR[[#This Row],[Status]]) -> Active
A3: Active | B3: Cross | C3: CR-2 | D3: 60000 | E3: 60-24HF4 | F3: 220930 | G3: 416.149 | H3: F250C | I3: F250C | J3: F250C | K3: F250C | L3: 2 | M3: 1.5 | N3: 1 | O3: 0.0625 | P3: Cross | Q3: 316 SS | R3: - | S3: - | T3: UCSB | U3: HIP | V3: https://www.highpressure.com/pdfs/section/HighPressure.pdf | CA3: HPS | CB3: AC | CC3: Head | CE3: =CR[[#This Row],[Part Type]] -> Cross | CF3: =CR[[#This Row],[Part Nr.]] -> 60-24HF4 | CG3: =CR[[#This Row],[UID]] -> CR-2 | CK3: =IF(CR[[#This Row],[Status]]=0,"",CR[[#This Row],[Status]]) -> Active
A4: Active | B4: Cross | C4: CR-3 | D4: 60000 | E4: 60-24HF4 | F4: 220930 | G4: 417.311 | H4: F250C | I4: F250C | J4: F250C | K4: F250C | L4: 2 | M4: 1.5 | N4: 1 | O4: 0.0625 | P4: Cross | Q4: 316 SS | R4: - | S4: - | T4: UCSB | U4: HIP | V4: https://www.highpressure.com/pdfs/section/HighPressure.pdf | CA4: HPS | CB4: AC | CC4: Head | CE4: =CR[[#This Row],[Part Type]] -> Cross | CF4: =CR[[#This Row],[Part Nr.]] -> 60-24HF4 | CG4: =CR[[#This Row],[UID]] -> CR-3 | CK4: =IF(CR[[#This Row],[Status]]=0,"",CR[[#This Row],[Status]]) -> Active
A5: Active | B5: Cross | C5: CR-4 | D5: 60000 | E5: 60-24HF4 | F5: 220930 | G5: 417.171 | H5: F250C | I5: F250C | J5: F250C | K5: F250C | L5: 2 | M5: 1.5 | N5: 1 | O5: 0.0625 | P5: Cross | Q5: 316 SS | R5: - | S5: - | T5: UCSB | U5: HIP | V5: https://www.highpressure.com/pdfs/section/HighPressure.pdf | CA5: HPS | CB5: AC | CC5: Head | CE5: =CR[[#This Row],[Part Type]] -> Cross | CF5: =CR[[#This Row],[Part Nr.]] -> 60-24HF4 | CG5: =CR[[#This Row],[UID]] -> CR-4 | CK5: =IF(CR[[#This Row],[Status]]=0,"",CR[[#This Row],[Status]]) -> Active
A6: Active | B6: Cross | C6: CR-5 | D6: 60000 | E6: 60-24HF4 | F6: 220930 | G6: 415.298 | H6: F250C | I6: F250C | J6: F250C | K6: F250C | L6: 2 | M6: 1.5 | N6: 1 | O6: 0.0625 | P6: Cross | Q6: 316 SS | R6: - | S6: - | T6: UCSB | U6: HIP | V6: https://www.highpressure.com/pdfs/section/HighPressure.pdf | CA6: HPS | CB6: AC | CC6: Head | CE6: =CR[[#This Row],[Part Type]] -> Cross | CF6: =CR[[#This Row],[Part Nr.]] -> 60-24HF4 | CG6: =CR[[#This Row],[UID]] -> CR-5 | CK6: =IF(CR[[#This Row],[Status]]=0,"",CR[[#This Row],[Status]]) -> Active
A7: Active | B7: Cross | C7: CR-6 | D7: 60000 | E7: 60-24HF4 | F7: 220930 | G7: 408.12 | H7: F250C | I7: F250C | J7: F250C | K7: F250C | L7: 2 | M7: 1.5 | N7: 1 | O7: 0.0625 | P7: Cross | Q7: 316 SS | R7: - | S7: - | T7: UCSB | U7: HIP | V7: https://www.highpressure.com/pdfs/section/HighPressure.pdf | CA7: HPS | CB7: AC | CC7: Head | CE7: =CR[[#This Row],[Part Type]] -> Cross | CF7: =CR[[#This Row],[Part Nr.]] -> 60-24HF4 | CG7: =CR[[#This Row],[UID]] -> CR-6 | CK7: =IF(CR[[#This Row],[Status]]=0,"",CR[[#This Row],[Status]]) -> Active
A8: Active | B8: Cross | C8: CR-7 | D8: 60000 | E8: 60-24HF4 | F8: 220930 | G8: 416.678 | H8: F250C | I8: F250C | J8: F250C | K8: F250C | L8: 2 | M8: 1.5 | N8: 1 | O8: 0.0625 | P8: Cross | Q8: 316 SS | R8: - | S8: - | T8: UCSB | U8: HIP | V8: https://www.highpressure.com/pdfs/section/HighPressure.pdf | CA8: HPS | CB8: AC | CC8: Head | CE8: =CR[[#This Row],[Part Type]] -> Cross | CF8: =CR[[#This Row],[Part Nr.]] -> 60-24HF4 | CG8: =CR[[#This Row],[UID]] -> CR-7 | CK8: =IF(CR[[#This Row],[Status]]=0,"",CR[[#This Row],[Status]]) -> Active
A9: Active | B9: Cross | C9: CR-8 | D9: 60000 | E9: 60-24HF4 | F9: 220930 | G9: 410.024 | H9: F250C | I9: F250C | J9: F250C | K9: F250C | L9: 2 | M9: 1.5 | N9: 1 | O9: 0.0625 | P9: Cross | Q9: 316 SS | R9: - | S9: - | T9: UCSB | U9: HIP | V9: https://www.highpressure.com/pdfs/section/HighPressure.pdf | CA9: HPS | CB9: AC | CC9: Head | CE9: =CR[[#This Row],[Part Type]] -> Cross | CF9: =CR[[#This Row],[Part Nr.]] -> 60-24HF4 | CG9: =CR[[#This Row],[UID]] -> CR-8 | CK9: =IF(CR[[#This Row],[Status]]=0,"",CR[[#This Row],[Status]]) -> Active
A10: Active | B10: Cross | C10: CR-9 | D10: 60000 | E10: 60-24HF4 | F10: 221003 | G10: 335.962 | H10: F250C | I10: F250C | J10: F250C | K10: F250C | L10: 2 | M10: 1.5 | N10: 1 | O10: 0.0625 | P10: Cross | Q10: 316 SS | R10: - | S10: - | T10: UCSB | U10: HIP | V10: https://www.highpressure.com/pdfs/section/HighPressure.pdf | CA10: HPS | CB10: AC | CC10: Head | CE10: =CR[[#This Row],[Part Type]] -> Cross | CF10: =CR[[#This Row],[Part Nr.]] -> 60-24HF4 | CG10: =CR[[#This Row],[UID]] -> CR-9 | CK10: =IF(CR[[#This Row],[Status]]=0,"",CR[[#This Row],[Status]]) -> Active
A11: Active | B11: Cross | C11: CR-10 | D11: 60000 | E11: 60-24HF4 | F11: 221003 | G11: 334.122 | H11: F250C | I11: F250C | J11: F250C | K11: F250C | L11: 2 | M11: 1.5 | N11: 1 | O11: 0.0625 | P11: Cross | Q11: 316 SS | R11: - | S11: - | T11: UCSB | U11: HIP | V11: https://www.highpressure.com/pdfs/section/HighPressure.pdf | CA11: HPS | CB11: AC | CC11: Head | CE11: =CR[[#This Row],[Part Type]] -> Cross | CF11: =CR[[#This Row],[Part Nr.]] -> 60-24HF4 | CG11: =CR[[#This Row],[UID]] -> CR-10 | CK11: =IF(CR[[#This Row],[Status]]=0,"",CR[[#This Row],[Status]]) -> Active
A12: Active | B12: Cross | C12: CR-11 | D12: 60000 | E12: 60-24HF4 | F12: 221003 | G12: 335.577 | H12: F250C | I12: F250C | J12: F250C | K12: F250C | L12: 2 | M12: 1.5 | N12: 1 | O12: 0.0625 | P12: Cross | Q12: 316 SS | R12: - | S12: - | T12: UCSB | U12: HIP | V12: https://www.highpressure.com/pdfs/section/HighPressure.pdf | CA12: HPS | CB12: AC | CC12: Head | CE12: =CR[[#This Row],[Part Type]] -> Cross | CF12: =CR[[#This Row],[Part Nr.]] -> 60-24HF4 | CG12: =CR[[#This Row],[UID]] -> CR-11 | CK12: =IF(CR[[#This Row],[Status]]=0,"",CR[[#This Row],[Status]]) -> Active
A13: Active | B13: Cross | C13: CR-12 | D13: 60000 | E13: 60-24HF4 | F13: 221003 | G13: 335.431 | H13: F250C | I13: F250C | J13: F250C | K13: F250C | L13: 2 | M13: 1.5 | N13: 1 | O13: 0.0625 | P13: Cross | Q13: 316 SS | R13: - | S13: - | T13: UCSB | U13: HIP | V13: https://www.highpressure.com/pdfs/section/HighPressure.pdf | CA13: HPS | CB13: AC | CC13: Head | CE13: =CR[[#This Row],[Part Type]] -> Cross | CF13: =CR[[#This Row],[Part Nr.]] -> 60-24HF4 | CG13: =CR[[#This Row],[UID]] -> CR-12 | CK13: =IF(CR[[#This Row],[Status]]=0,"",CR[[#This Row],[Status]]) -> Active
A14: Active | B14: Cross | C14: CR-13 | D14: 60000 | E14: 60-24HF4 | F14: 221003 | G14: 336.458 | H14: F250C | I14: F250C | J14: F250C | K14: F250C | L14: 2 | M14: 1.5 | N14: 1 | O14: 0.0625 | P14: Cross | Q14: 316 SS | R14: - | S14: - | T14: UCSB | U14: HIP | V14: https://www.highpressure.com/pdfs/section/HighPressure.pdf | CA14: HPS | CB14: AC | CC14: Head | CE14: =CR[[#This Row],[Part Type]] -> Cross | CF14: =CR[[#This Row],[Part Nr.]] -> 60-24HF4 | CG14: =CR[[#This Row],[UID]] -> CR-13 | CK14: =IF(CR[[#This Row],[Status]]=0,"",CR[[#This Row],[Status]]) -> Active
... A28: Active | B28: Cross | C28: CR-27 | D28: 100000 | E28: 100-24XF4 | F28: 221003 | G28: 726.701 | H28: F250C | I28: F250C | J28: F250C | K28: F250C | L28: 2.5 | M28: 2.5 | N28: 1 | O28: 0.0625 | P28: Cross | Q28: 316 SS | R28: - | S28: - | T28: UCSB | U28: HIP | V28: https://www.highpressure.com/pdfs/section/UltraHighPressure.pdf | CA28: HPS | CB28: AC | CC28: Head | CE28: =CR[[#This Row],[Part Type]] -> Cross | CF28: =CR[[#This Row],[Part Nr.]] -> 100-24XF4 | CG28: =CR[[#This Row],[UID]] -> CR-27 | CK28: =IF(CR[[#This Row],[Status]]=0,"",CR[[#This Row],[Status]]) -> Active
A29: Active | B29: Cross | C29: CR-28 | D29: 60000 | E29: Custom | F29: 250131 | G29: 1238.847 | H29: F250C | I29: F250C | J29: F250C | CA29: HPS | CB29: AC | CC29: Head | CE29: =CR[[#This Row],[Part Type]] -> Cross | CF29: =CR[[#This Row],[Part Nr.]] -> Custom | CG29: =CR[[#This Row],[UID]] -> CR-28 | CK29: =IF(CR[[#This Row],[Status]]=0,"",CR[[#This Row],[Status]]) -> Active
A30: Active | B30: Cross | C30: CR-29 | D30: 60000 | E30: Custom | F30: 250131 | G30: 1237.45 | H30: F250C | I30: F250C | J30: F250C | CA30: HPS | CB30: AC | CC30: Head | CE30: =CR[[#This Row],[Part Type]] -> Cross | CF30: =CR[[#This Row],[Part Nr.]] -> Custom | CG30: =CR[[#This Row],[UID]] -> CR-29 | CK30: =IF(CR[[#This Row],[Status]]=0,"",CR[[#This Row],[Status]]) -> Active
CA31: HPS | CB31: AC | CC31: Head | CE31: =CR[[#This Row],[Part Type]] -> 0 | CF31: =CR[[#This Row],[Part Nr.]] -> 0 | CG31: =CR[[#This Row],[UID]] -> 0 | CK31: =IF(CR[[#This Row],[Status]]=0,"",CR[[#This Row],[Status]])
CA32: HPS | CB32: AC | CC32: Head | CE32: =CR[[#This Row],[Part Type]] -> 0 | CF32: =CR[[#This Row],[Part Nr.]] -> 0 | CG32: =CR[[#This Row],[UID]] -> 0 | CK32: =IF(CR[[#This Row],[Status]]=0,"",CR[[#This Row],[Status]])
CA33: HPS | CB33: AC | CC33: Head | CE33: =CR[[#This Row],[Part Type]] -> 0 | CF33: =CR[[#This Row],[Part Nr.]] -> 0 | CG33: =CR[[#This Row],[UID]] -> 0 | CK33: =IF(CR[[#This Row],[Status]]=0,"",CR[[#This Row],[Status]])
CA34: HPS | CB34: AC | CC34: Head | CE34: =CR[[#This Row],[Part Type]] -> 0 | CF34: =CR[[#This Row],[Part Nr.]] -> 0 | CG34: =CR[[#This Row],[UID]] -> 0 | CK34: =IF(CR[[#This Row],[Status]]=0,"",CR[[#This Row],[Status]])
CA35: HPS | CB35: AC | CC35: Head | CE35: =CR[[#This Row],[Part Type]] -> 0 | CF35: =CR[[#This Row],[Part Nr.]] -> 0 | CG35: =CR[[#This Row],[UID]] -> 0 | CK35: =IF(CR[[#This Row],[Status]]=0,"",CR[[#This Row],[Status]])
CA36: HPS | CB36: AC | CC36: Head | CE36: =CR[[#This Row],[Part Type]] -> 0 | CF36: =CR[[#This Row],[Part Nr.]] -> 0 | CG36: =CR[[#This Row],[UID]] -> 0 | CK36: =IF(CR[[#This Row],[Status]]=0,"",CR[[#This Row],[Status]])
CA37: HPS | CB37: AC | CC37: Head | CE37: =CR[[#This Row],[Part Type]] -> 0 | CF37: =CR[[#This Row],[Part Nr.]] -> 0 | CG37: =CR[[#This Row],[UID]] -> 0 | CK37: =IF(CR[[#This Row],[Status]]=0,"",CR[[#This Row],[Status]])
CA38: HPS | CB38: AC | CC38: Head | CE38: =CR[[#This Row],[Part Type]] -> 0 | CF38: =CR[[#This Row],[Part Nr.]] -> 0 | CG38: =CR[[#This Row],[UID]] -> 0 | CK38: =IF(CR[[#This Row],[Status]]=0,"",CR[[#This Row],[Status]])
CA39: HPS | CB39: AC | CC39: Head | CE39: =CR[[#This Row],[Part Type]] -> 0 | CF39: =CR[[#This Row],[Part Nr.]] -> 0 | CG39: =CR[[#This Row],[UID]] -> 0 | CK39: =IF(CR[[#This Row],[Status]]=0,"",CR[[#This Row],[Status]])
CA40: HPS | CB40: AC | CC40: Head | CE40: =CR[[#This Row],[Part Type]] -> 0 | CF40: =CR[[#This Row],[Part Nr.]] -> 0 | CG40: =CR[[#This Row],[UID]] -> 0 | CK40: =IF(CR[[#This Row],[Status]]=0,"",CR[[#This Row],[Status]])
CA41: HPS | CB41: AC | CC41: Head | CE41: =CR[[#This Row],[Part Type]] -> 0 | CF41: =CR[[#This Row],[Part Nr.]] -> 0 | CG41: =CR[[#This Row],[UID]] -> 0 | CK41: =IF(CR[[#This Row],[Status]]=0,"",CR[[#This Row],[Status]])
CA42: HPS | CB42: AC | CC42: Head | CE42: =CR[[#This Row],[Part Type]] -> 0 | CF42: =CR[[#This Row],[Part Nr.]] -> 0 | CG42: =CR[[#This Row],[UID]] -> 0 | CK42: =IF(CR[[#This Row],[Status]]=0,"",CR[[#This Row],[Status]])
... CA61: HPS | CB61: AC | CC61: Head | CE61: =CR[[#This Row],[Part Type]] -> 0 | CF61: =CR[[#This Row],[Part Nr.]] -> 0 | CG61: =CR[[#This Row],[UID]] -> 0 | CK61: =IF(CR[[#This Row],[Status]]=0,"",CR[[#This Row],[Status]])

Sheet CUP
A1: Status | B1: UID | C1: Part Type | D1: Name | E1: Location | F1: Pressure Design (MPa) | G1: Pressure Design (psi) | H1: Temperature Design (C) | I1: Reactor Body Material | J1: Heat Treatment | K1: Corrosion | L1: Mass Measurement Date | M1: Mass (g) | N1: Thread 1 | O1: Thread 2 | P1: Profile | Q1: Manufacture | R1: Date Manufactured | S1: Lot # | T1: PO | U1: Link To Schematic Drawing | CA1: EXP Style | CB1: Setup Location | CC1: Setup Sub-Location | CD1: Sub-Setup Assembly | CE1: IO type | CF1: Zone | CG1: Device Type | CH1: Device Tag | CI1: Device Location | CJ1: Circuit | CK1: Power Source | CL1: Status
A2: Active | B2: CUP-TA | C2: Coupling | D2: TZM-1/2" | E2: Lehigh | F2: 16 | G2: 2320 | H2: 1000 | I2: TZM B387-19, Type 364 | J2: stress-relived | K2: None Observed | L2: 220914 | M2: 203.045 | N2: RH-7/8-14 | O2: RH-7/8-14 | P2: NA | Q2: MTS | R2: 220914 | S2: 481 / 31481 / 071622,WH14 | 481 / 31481 / 080522,WH14 | T2: PU055950 | U2: https://drive.google.com/open?id=1Ez5xkiO2C3hl77JzgqsdKpnCd4Uio906&authuser=fsm217%40lehigh.edu&usp=drive_fs | CA2: Table Format | CB2: HPS | CC2: AC | CD2: Vessel | CF2: =CUP[[#This Row],[Part Type]] -> Coupling | CG2: =CUP[[#This Row],[Name]] -> TZM-1/2" | CH2: =CUP[[#This Row],[UID]] -> CUP-TA | CL2: =IF(CUP[[#This Row],[Status]]=0,"",CUP[[#This Row],[Status]]) -> Active
A3: Active | B3: CUP-TB | C3: Coupling | D3: TZM-1/2" | E3: Lehigh | F3: 16 | G3: 2320 | H3: 1000 | I3: TZM B387-19, Type 364 | J3: stress-relived | K3: None Observed | L3: 220914 | M3: 202.455 | N3: RH-7/8-14 | O3: RH-7/8-14 | P3: NA | Q3: MTS | R3: 220914 | S3: 482 / 31481 / 071622,WH14 | 481 / 31481 / 080522,WH14 | T3: PU055950 | U3: https://drive.google.com/open?id=1Ez5xkiO2C3hl77JzgqsdKpnCd4Uio906&authuser=fsm217%40lehigh.edu&usp=drive_fs | CB3: HPS | CC3: AC | CD3: Vessel | CF3: =CUP[[#This Row],[Part Type]] -> Coupling | CG3: =CUP[[#This Row],[Name]] -> TZM-1/2" | CH3: =CUP[[#This Row],[UID]] -> CUP-TB | CL3: =IF(CUP[[#This Row],[Status]]=0,"",CUP[[#This Row],[Status]]) -> Active
A4: Active | B4: CUP-TC | C4: Coupling | D4: TZM-1/2" | E4: Lehigh | F4: 16 | G4: 2320 | H4: 1000 | I4: TZM B387-19, Type 364 | J4: stress-relived | K4: None Observed | L4: 220914 | M4: 202.186 | N4: RH-7/8-14 | O4: RH-7/8-14 | P4: NA | Q4: MTS | R4: 220914 | S4: 483 / 31481 / 071622,WH14 | 481 / 31481 / 080522,WH14 | T4: PU055950 | U4: https://drive.google.com/open?id=1Ez5xkiO2C3hl77JzgqsdKpnCd4Uio906&authuser=fsm217%40lehigh.edu&usp=drive_fs | CB4: HPS | CC4: AC | CD4: Vessel | CF4: =CUP[[#This Row],[Part Type]] -> Coupling | CG4: =CUP[[#This Row],[Name]] -> TZM-1/2" | CH4: =CUP[[#This Row],[UID]] -> CUP-TC | CL4: =IF(CUP[[#This Row],[Status]]=0,"",CUP[[#This Row],[Status]]) -> Active
A5: Active | B5: CUP-TD | C5: Coupling | D5: TZM-1/2" | E5: Lehigh | F5: 16 | G5: 2320 | H5: 1000 | I5: TZM B387-19, Type 364 | J5: stress-relived | K5: None Observed | L5: 220914 | M5: 203.002 | N5: RH-7/8-14 | O5: RH-7/8-14 | P5: NA | Q5: MTS | R5: 220914 | S5: 484 / 31481 / 071622,WH14 | 481 / 31481 / 080522,WH14 | T5: PU055950 | U5: https://drive.google.com/open?id=1Ez5xkiO2C3hl77JzgqsdKpnCd4Uio906&authuser=fsm217%40lehigh.edu&usp=drive_fs | CB5: HPS | CC5: AC | CD5: Vessel | CF5: =CUP[[#This Row],[Part Type]] -> Coupling | CG5: =CUP[[#This Row],[Name]] -> TZM-1/2" | CH5: =CUP[[#This Row],[UID]] -> CUP-TD | CL5: =IF(CUP[[#This Row],[Status]]=0,"",CUP[[#This Row],[Status]]) -> Active
A6: Active | B6: CUP-TE | C6: Coupling | D6: TZM-1/2" | E6: Lehigh | F6: 16 | G6: 2320 | H6: 1000 | I6: TZM B387-19, Type 364 | J6: stress-relived | K6: None Observed | L6: 220914 | M6: 202.175 | N6: RH-7/8-14 | O6: RH-7/8-14 | P6: NA | Q6: MTS | R6: 220914 | S6: 485 / 31481 / 071622,WH14 | 481 / 31481 / 080522,WH14 | T6: PU055950 | U6: https://drive.google.com/open?id=1Ez5xkiO2C3hl77JzgqsdKpnCd4Uio906&authuser=fsm217%40lehigh.edu&usp=drive_fs | CB6: HPS | CC6: AC | CD6: Vessel | CF6: =CUP[[#This Row],[Part Type]] -> Coupling | CG6: =CUP[[#This Row],[Name]] -> TZM-1/2" | CH6: =CUP[[#This Row],[UID]] -> CUP-TE | CL6: =IF(CUP[[#This Row],[Status]]=0,"",CUP[[#This Row],[Status]]) -> Active
A7: Active | B7: CUP-TF | C7: Coupling | D7: TZM-1/2" | E7: Lehigh | F7: 16 | G7: 2320 | H7: 1000 | I7: TZM B387-19, Type 364 | J7: stress-relived | K7: None Observed | L7: 220922 | M7: 199.375 | N7: RH-7/8-14 | O7: LH-7/8-14 | P7: NA | Q7: MTS | R7: 220922 | S7: 805 / 31805 / 091622 | T7: PU059094 | U7: https://drive.google.com/open?id=1dltMeFZRLDIgyCcyZk1hPwKZOdd_4lnZ&authuser=fsm217%40lehigh.edu&usp=drive_fs | CB7: HPS | CC7: AC | CD7: Vessel | CF7: =CUP[[#This Row],[Part Type]] -> Coupling | CG7: =CUP[[#This Row],[Name]] -> TZM-1/2" | CH7: =CUP[[#This Row],[UID]] -> CUP-TF | CL7: =IF(CUP[[#This Row],[Status]]=0,"",CUP[[#This Row],[Status]]) -> Active
A8: Active | B8: CUP-TG | C8: Coupling | D8: TZM-1/2" | E8: Lehigh | F8: 16 | G8: 2320 | H8: 1000 | I8: TZM B387-19, Type 364 | J8: stress-relived | K8: None Observed | L8: 220922 | M8: 199.318 | N8: RH-7/8-14 | O8: LH-7/8-14 | P8: NA | Q8: MTS | R8: 220922 | S8: 805 / 31805 / 091622 | T8: PU059094 | U8: https://drive.google.com/open?id=1dltMeFZRLDIgyCcyZk1hPwKZOdd_4lnZ&authuser=fsm217%40lehigh.edu&usp=drive_fs | CB8: HPS | CC8: AC | CD8: Vessel | CF8: =CUP[[#This Row],[Part Type]] -> Coupling | CG8: =CUP[[#This Row],[Name]] -> TZM-1/2" | CH8: =CUP[[#This Row],[UID]] -> CUP-TG | CL8: =IF(CUP[[#This Row],[Status]]=0,"",CUP[[#This Row],[Status]]) -> Active
A9: Active | B9: CUP-TH | C9: Coupling | D9: TZM-1/2" | E9: Lehigh | F9: 16 | G9: 2320 | H9: 1000 | I9: TZM B387-19, Type 364 | J9: stress-relived | K9: None Observed | L9: 220922 | M9: 199.251 | N9: RH-7/8-14 | O9: LH-7/8-14 | P9: NA | Q9: MTS | R9: 220922 | S9: 805 / 31805 / 091622 | T9: PU059094 | U9: https://drive.google.com/open?id=1dltMeFZRLDIgyCcyZk1hPwKZOdd_4lnZ&authuser=fsm217%40lehigh.edu&usp=drive_fs | CB9: HPS | CC9: AC | CD9: Vessel | CF9: =CUP[[#This Row],[Part Type]] -> Coupling | CG9: =CUP[[#This Row],[Name]] -> TZM-1/2" | CH9: =CUP[[#This Row],[UID]] -> CUP-TH | CL9: =IF(CUP[[#This Row],[Status]]=0,"",CUP[[#This Row],[Status]]) -> Active
A10: Active | B10: CUP-TI | C10: Coupling | D10: TZM-1/2" | E10: Lehigh | F10: 16 | G10: 2320 | H10: 1000 | I10: TZM B387-19, Type 364 | J10: stress-relived | K10: None Observed | L10: 230502 | M10: 202.842 | N10: RH-7/8-14 | O10: RH-7/8-14 | P10: NA | Q10: MTS | R10: 220428 | S10: A78945 32570 | T10: PU065371 | U10: https://drive.google.com/open?id=1e4-heItkSoT4TKdDcrDT1Yz11ANbYO2u&authuser=fsm217%40lehigh.edu&usp=drive_fs | CB10: HPS | CC10: AC | CD10: Vessel | CF10: =CUP[[#This Row],[Part Type]] -> Coupling | CG10: =CUP[[#This Row],[Name]] -> TZM-1/2" | CH10: =CUP[[#This Row],[UID]] -> CUP-TI | CL10: =IF(CUP[[#This Row],[Status]]=0,"",CUP[[#This Row],[Status]]) -> Active
A11: Active | B11: CUP-TJ | C11: Coupling | D11: TZM-1/2" | E11: Lehigh | F11: 16 | G11: 2320 | H11: 1000 | I11: TZM B387-19, Type 364 | J11: stress-relived | K11: None Observed | L11: 230502 | M11: 202.352 | N11: RH-7/8-14 | O11: RH-7/8-14 | P11: NA | Q11: MTS | R11: 220428 | S11: A78945 32570 | T11: PU065371 | U11: https://drive.google.com/open?id=1e4-heItkSoT4TKdDcrDT1Yz11ANbYO2u&authuser=fsm217%40lehigh.edu&usp=drive_fs | CB11: HPS | CC11: AC | CD11: Vessel | CF11: =CUP[[#This Row],[Part Type]] -> Coupling | CG11: =CUP[[#This Row],[Name]] -> TZM-1/2" | CH11: =CUP[[#This Row],[UID]] -> CUP-TJ | CL11: =IF(CUP[[#This Row],[Status]]=0,"",CUP[[#This Row],[Status]]) -> Active
A12: Active | B12: CUP-TK | C12: Coupling | D12: TZM-1/2" | E12: Lehigh | F12: 16 | G12: 2320 | H12: 1000 | I12: TZM B387-19, Type 364 | J12: stress-relived | K12: None Observed | L12: 230502 | M12: 201.95 | N12: RH-7/8-14 | O12: RH-7/8-14 | P12: NA | Q12: MTS | R12: 220428 | S12: A78945 32570 | T12: PU065371 | U12: https://drive.google.com/open?id=1e4-heItkSoT4TKdDcrDT1Yz11ANbYO2u&authuser=fsm217%40lehigh.edu&usp=drive_fs | CB12: HPS | CC12: AC | CD12: Vessel | CF12: =CUP[[#This Row],[Part Type]] -> Coupling | CG12: =CUP[[#This Row],[Name]] -> TZM-1/2" | CH12: =CUP[[#This Row],[UID]] -> CUP-TK | CL12: =IF(CUP[[#This Row],[Status]]=0,"",CUP[[#This Row],[Status]]) -> Active
A13: New | B13: CUP-TL | C13: Coupling | E13: Lehigh | I13: TZM B387 Type 364 | K13: None Observed | L13: 240730 | M13: 202.702 | N13: RH-7/8-14 | O13: RH-7/8-14 | P13: NA | Q13: Efinea | R13: 240709 | S13: #523240625 / TZM240523 | T13: PU087594 | CB13: HPS | CC13: AC | CD13: Vessel | CF13: =CUP[[#This Row],[Part Type]] -> Coupling | CG13: =CUP[[#This Row],[Name]] -> 0 | CH13: =CUP[[#This Row],[UID]] -> CUP-TL | CL13: =IF(CUP[[#This Row],[Status]]=0,"",CUP[[#This Row],[Status]]) -> New
A14: New | B14: CUP-TM | C14: Coupling | E14: Lehigh | I14: TZM B387 Type 364 | K14: None Observed | L14: 240730 | M14: 202.109 | N14: RH-7/8-14 | O14: RH-7/8-14 | P14: NA | Q14: Efinea | R14: 240709 | S14: #523240625 / TZM240523 | T14: PU087594 | CB14: HPS | CC14: AC | CD14: Vessel | CF14: =CUP[[#This Row],[Part Type]] -> Coupling | CG14: =CUP[[#This Row],[Name]] -> 0 | CH14: =CUP[[#This Row],[UID]] -> CUP-TM | CL14: =IF(CUP[[#This Row],[Status]]=0,"",CUP[[#This Row],[Status]]) -> New
A15: New | B15: CUP-TN | C15: Coupling | E15: Lehigh | I15: TZM B387 Type 364 | K15: None Observed | L15: 240730 | M15: 202.452 | N15: RH-7/8-14 | O15: RH-7/8-14 | P15: NA | Q15: Efinea | R15: 240709 | S15: #523240625 / TZM240523 | T15: PU087594 | CB15: HPS | CC15: AC | CD15: Vessel | CF15: =CUP[[#This Row],[Part Type]] -> Coupling | CG15: =CUP[[#This Row],[Name]] -> 0 | CH15: =CUP[[#This Row],[UID]] -> CUP-TN | CL15: =IF(CUP[[#This Row],[Status]]=0,"",CUP[[#This Row],[Status]]) -> New
A16: New | B16: CUP-TO | C16: Coupling | E16: Lehigh | I16: TZM B387 Type 364 | K16: None Observed | L16: 240730 | M16: 202.334 | N16: RH-7/8-14 | O16: RH-7/8-14 | P16: NA | Q16: Efinea | R16: 240709 | S16: #523240625 / TZM240523 | T16: PU087594 | CB16: HPS | CC16: AC | CD16: Vessel | CF16: =CUP[[#This Row],[Part Type]] -> Coupling | CG16: =CUP[[#This Row],[Name]] -> 0 | CH16: =CUP[[#This Row],[UID]] -> CUP-TO | CL16: =IF(CUP[[#This Row],[Status]]=0,"",CUP[[#This Row],[Status]]) -> New
A17: New | B17: CUP-TP | C17: Coupling | E17: Lehigh | I17: TZM B387 Type 364 | K17: None Observed | L17: 240730 | M17: 202.242 | N17: RH-7/8-14 | O17: RH-7/8-14 | P17: NA | Q17: Efinea | R17: 240709 | S17: #523240625 / TZM240523 | T17: PU087594 | CB17: HPS | CC17: AC | CD17: Vessel | CF17: =CUP[[#This Row],[Part Type]] -> Coupling | CG17: =CUP[[#This Row],[Name]] -> 0 | CH17: =CUP[[#This Row],[UID]] -> CUP-TP | CL17: =IF(CUP[[#This Row],[Status]]=0,"",CUP[[#This Row],[Status]]) -> New
CB18: HPS | CC18: AC | CD18: Vessel | CF18: =CUP[[#This Row],[Part Type]] -> 0 | CG18: =CUP[[#This Row],[Name]] -> 0 | CH18: =CUP[[#This Row],[UID]] -> 0 | CL18: =IF(CUP[[#This Row],[Status]]=0,"",CUP[[#This Row],[Status]])
CB19: HPS | CC19: AC | CD19: Vessel | CF19: =CUP[[#This Row],[Part Type]] -> 0 | CG19: =CUP[[#This Row],[Name]] -> 0 | CH19: =CUP[[#This Row],[UID]] -> 0 | CL19: =IF(CUP[[#This Row],[Status]]=0,"",CUP[[#This Row],[Status]])
CB20: HPS | CC20: AC | CD20: Vessel | CF20: =CUP[[#This Row],[Part Type]] -> 0 | CG20: =CUP[[#This Row],[Name]] -> 0 | CH20: =CUP[[#This Row],[UID]] -> 0 | CL20: =IF(CUP[[#This Row],[Status]]=0,"",CUP[[#This Row],[Status]])
CB21: HPS | CC21: AC | CD21: Vessel | CF21: =CUP[[#This Row],[Part Type]] -> 0 | CG21: =CUP[[#This Row],[Name]] -> 0 | CH21: =CUP[[#This Row],[UID]] -> 0 | CL21: =IF(CUP[[#This Row],[Status]]=0,"",CUP[[#This Row],[Status]])
CB22: HPS | CC22: AC | CD22: Vessel | CF22: =CUP[[#This Row],[Part Type]] -> 0 | CG22: =CUP[[#This Row],[Name]] -> 0 | CH22: =CUP[[#This Row],[UID]] -> 0 | CL22: =IF(CUP[[#This Row],[Status]]=0,"",CUP[[#This Row],[Status]])
CB23: HPS | CC23: AC | CD23: Vessel | CF23: =CUP[[#This Row],[Part Type]] -> 0 | CG23: =CUP[[#This Row],[Name]] -> 0 | CH23: =CUP[[#This Row],[UID]] -> 0 | CL23: =IF(CUP[[#This Row],[Status]]=0,"",CUP[[#This Row],[Status]])
CB24: HPS | CC24: AC | CD24: Vessel | CF24: =CUP[[#This Row],[Part Type]] -> 0 | CG24: =CUP[[#This Row],[Name]] -> 0 | CH24: =CUP[[#This Row],[UID]] -> 0 | CL24: =IF(CUP[[#This Row],[Status]]=0,"",CUP[[#This Row],[Status]])
CB25: HPS | CC25: AC | CD25: Vessel | CF25: =CUP[[#This Row],[Part Type]] -> 0 | CG25: =CUP[[#This Row],[Name]] -> 0 | CH25: =CUP[[#This Row],[UID]] -> 0 | CL25: =IF(CUP[[#This Row],[Status]]=0,"",CUP[[#This Row],[Status]])
CB26: HPS | CC26: AC | CD26: Vessel | CF26: =CUP[[#This Row],[Part Type]] -> 0 | CG26: =CUP[[#This Row],[Name]] -> 0 | CH26: =CUP[[#This Row],[UID]] -> 0 | CL26: =IF(CUP[[#This Row],[Status]]=0,"",CUP[[#This Row],[Status]])
CB27: HPS | CC27: AC | CD27: Vessel | CF27: =CUP[[#This Row],[Part Type]] -> 0 | CG27: =CUP[[#This Row],[Name]] -> 0 | CH27: =CUP[[#This Row],[UID]] -> 0 | CL27: =IF(CUP[[#This Row],[Status]]=0,"",CUP[[#This Row],[Status]])
CB28: HPS | CC28: AC | CD28: Vessel | CF28: =CUP[[#This Row],[Part Type]] -> 0 | CG28: =CUP[[#This Row],[Name]] -> 0 | CH28: =CUP[[#This Row],[UID]] -> 0 | CL28: =IF(CUP[[#This Row],[Status]]=0,"",CUP[[#This Row],[Status]])
CB29: HPS | CC29: AC | CD29: Vessel | CF29: =CUP[[#This Row],[Part Type]] -> 0 | CG29: =CUP[[#This Row],[Name]] -> 0 | CH29: =CUP[[#This Row],[UID]] -> 0 | CL29: =IF(CUP[[#This Row],[Status]]=0,"",CUP[[#This Row],[Status]])
... CB51: HPS | CC51: AC | CD51: Vessel | CF51: =CUP[[#This Row],[Part Type]] -> 0 | CG51: =CUP[[#This Row],[Name]] -> 0 | CH51: =CUP[[#This Row],[UID]] -> 0 | CL51: =IF(CUP[[#This Row],[Status]]=0,"",CUP[[#This Row],[Status]])

Sheet EL
A1: Status | B1: Part Type | C1: UID | D1: Pressure Rating (psi) | E1: Part Nr. | F1: Mass Measurment Date | G1: Mass (g) | H1: Inlet 1 | I1: Inlet 2 | J1: Length (inch) | K1: Width (inch) | L1: Depth (inch) | M1: ID (inch) | N1: Type | O1: Material | P1: Prior UnitID | Q1: Notes | R1: PO | S1: Vendor | T1: Website | BZ1: EXP Style | CA1: Setup Location | CB1: Setup Sub-Location | CC1: Sub-Setup Assembly | CD1: IO type | CE1: Zone | CF1: Device Type | CG1: Device Tag | CH1: Device Location | CI1: Circuit | CJ1: Power Source | CK1: Status
A2: Active | B2: Elbow | C2: EL-1 | D2: 60000 | E2: 60-22HF4 | F2: 221003 | G2: 250.875 | H2: F250C | I2: F250C | J2: 1.375 | K2: 1.5 | L2: 1 | M2: 0.0625 | N2: Elbow | O2: 316 SS | P2: - | Q2: - | R2: UCSB | S2: HIP | T2: https://www.highpressure.com/pdfs/section/HighPressure.pdf | BZ2: Table Format | CA2: HPS | CB2: AC | CC2: Vessel | CE2: =EL[[#This Row],[Part Type]] -> Elbow | CF2: =EL[[#This Row],[Part Nr.]] -> 60-22HF4 | CG2: =EL[[#This Row],[UID]] -> EL-1 | CK2: =IF(EL[[#This Row],[Status]]=0,"",EL[[#This Row],[Status]]) -> Active
A3: Active | B3: Elbow | C3: EL-2 | D3: 60000 | E3: 60-22HF4 | F3: 221003 | G3: 250.555 | H3: F250C | I3: F250C | J3: 1.375 | K3: 1.5 | L3: 1 | M3: 0.0625 | N3: Elbow | O3: 316 SS | P3: - | Q3: - | R3: UCSB | S3: HIP | T3: https://www.highpressure.com/pdfs/section/HighPressure.pdf | CA3: HPS | CB3: AC | CC3: Vessel | CE3: =EL[[#This Row],[Part Type]] -> Elbow | CF3: =EL[[#This Row],[Part Nr.]] -> 60-22HF4 | CG3: =EL[[#This Row],[UID]] -> EL-2 | CK3: =IF(EL[[#This Row],[Status]]=0,"",EL[[#This Row],[Status]]) -> Active
A4: Active | B4: Elbow | C4: EL-3 | D4: 60000 | E4: 60-22HF4 | F4: 221003 | G4: 252.418 | H4: F250C | I4: F250C | J4: 1.375 | K4: 1.5 | L4: 1 | M4: 0.0625 | N4: Elbow | O4: 316 SS | P4: - | Q4: - | R4: UCSB | S4: HIP | T4: https://www.highpressure.com/pdfs/section/HighPressure.pdf | CA4: HPS | CB4: AC | CC4: Vessel | CE4: =EL[[#This Row],[Part Type]] -> Elbow | CF4: =EL[[#This Row],[Part Nr.]] -> 60-22HF4 | CG4: =EL[[#This Row],[UID]] -> EL-3 | CK4: =IF(EL[[#This Row],[Status]]=0,"",EL[[#This Row],[Status]]) -> Active
A5: Active | B5: Elbow | C5: EL-4 | D5: 60000 | E5: 60-22HF4 | F5: 221003 | G5: 261.163 | H5: F250C | I5: F250C | J5: 1.375 | K5: 1.5 | L5: 1 | M5: 0.0625 | N5: Elbow | O5: 316 SS | P5: - | Q5: - | R5: UCSB | S5: HIP | T5: https://www.highpressure.com/pdfs/section/HighPressure.pdf | CA5: HPS | CB5: AC | CC5: Vessel | CE5: =EL[[#This Row],[Part Type]] -> Elbow | CF5: =EL[[#This Row],[Part Nr.]] -> 60-22HF4 | CG5: =EL[[#This Row],[UID]] -> EL-4 | CK5: =IF(EL[[#This Row],[Status]]=0,"",EL[[#This Row],[Status]]) -> Active
A6: Active | B6: Elbow | C6: EL-5 | D6: 60000 | E6: 60-22HF4 | F6: 221003 | G6: 251.047 | H6: F250C | I6: F250C | J6: 1.375 | K6: 1.5 | L6: 1 | M6: 0.0625 | N6: Elbow | O6: 316 SS | P6: - | Q6: - | R6: UCSB | S6: HIP | T6: https://www.highpressure.com/pdfs/section/HighPressure.pdf | CA6: HPS | CB6: AC | CC6: Vessel | CE6: =EL[[#This Row],[Part Type]] -> Elbow | CF6: =EL[[#This Row],[Part Nr.]] -> 60-22HF4 | CG6: =EL[[#This Row],[UID]] -> EL-5 | CK6: =IF(EL[[#This Row],[Status]]=0,"",EL[[#This Row],[Status]]) -> Active
A7: Active | B7: Elbow | C7: EL-6 | D7: 60000 | E7: 60-22HF4 | F7: 221003 | G7: 239.837 | H7: F250C | I7: F250C | J7: 1.375 | K7: 1.5 | L7: 1 | M7: 0.0625 | N7: Elbow | O7: 316 SS | P7: - | Q7: - | R7: UCSB | S7: HIP | T7: https://www.highpressure.com/pdfs/section/HighPressure.pdf | CA7: HPS | CB7: AC | CC7: Vessel | CE7: =EL[[#This Row],[Part Type]] -> Elbow | CF7: =EL[[#This Row],[Part Nr.]] -> 60-22HF4 | CG7: =EL[[#This Row],[UID]] -> EL-6 | CK7: =IF(EL[[#This Row],[Status]]=0,"",EL[[#This Row],[Status]]) -> Active
A8: Active | B8: Elbow | C8: EL-7 | D8: 60000 | E8: 60-22HF4 | F8: 221003 | G8: 240.956 | H8: F250C | I8: F250C | J8: 1.375 | K8: 1.5 | L8: 1 | M8: 0.0625 | N8: Elbow | O8: 316 SS | P8: - | Q8: - | R8: UCSB | S8: HIP | T8: https://www.highpressure.com/pdfs/section/HighPressure.pdf | CA8: HPS | CB8: AC | CC8: Vessel | CE8: =EL[[#This Row],[Part Type]] -> Elbow | CF8: =EL[[#This Row],[Part Nr.]] -> 60-22HF4 | CG8: =EL[[#This Row],[UID]] -> EL-7 | CK8: =IF(EL[[#This Row],[Status]]=0,"",EL[[#This Row],[Status]]) -> Active
A9: Active | B9: Elbow | C9: EL-8 | D9: 60000 | E9: 60-22HF4 | F9: 221003 | G9: 239.794 | H9: F250C | I9: F250C | J9: 1.375 | K9: 1.5 | L9: 1 | M9: 0.0625 | N9: Elbow | O9: 316 SS | P9: - | Q9: - | R9: UCSB | S9: HIP | T9: https://www.highpressure.com/pdfs/section/HighPressure.pdf | CA9: HPS | CB9: AC | CC9: Vessel | CE9: =EL[[#This Row],[Part Type]] -> Elbow | CF9: =EL[[#This Row],[Part Nr.]] -> 60-22HF4 | CG9: =EL[[#This Row],[UID]] -> EL-8 | CK9: =IF(EL[[#This Row],[Status]]=0,"",EL[[#This Row],[Status]]) -> Active
A10: Active | B10: Elbow | C10: EL-9 | D10: 60000 | E10: 60-22HF4 | F10: 221003 | G10: 240.616 | H10: F250C | I10: F250C | J10: 1.375 | K10: 1.5 | L10: 1 | M10: 0.0625 | N10: Elbow | O10: 316 SS | P10: - | Q10: - | R10: UCSB | S10: HIP | T10: https://www.highpressure.com/pdfs/section/HighPressure.pdf | CA10: HPS | CB10: AC | CC10: Vessel | CE10: =EL[[#This Row],[Part Type]] -> Elbow | CF10: =EL[[#This Row],[Part Nr.]] -> 60-22HF4 | CG10: =EL[[#This Row],[UID]] -> EL-9 | CK10: =IF(EL[[#This Row],[Status]]=0,"",EL[[#This Row],[Status]]) -> Active
A11: Active | B11: Elbow | C11: EL-10 | D11: 60000 | E11: 60-22HF4 | F11: 221003 | G11: 236.659 | H11: F250C | I11: F250C | J11: 1.375 | K11: 1.5 | L11: 1 | M11: 0.0625 | N11: Elbow | O11: 316 SS | P11: - | Q11: - | R11: UCSB | S11: HIP | T11: https://www.highpressure.com/pdfs/section/HighPressure.pdf | CA11: HPS | CB11: AC | CC11: Vessel | CE11: =EL[[#This Row],[Part Type]] -> Elbow | CF11: =EL[[#This Row],[Part Nr.]] -> 60-22HF4 | CG11: =EL[[#This Row],[UID]] -> EL-10 | CK11: =IF(EL[[#This Row],[Status]]=0,"",EL[[#This Row],[Status]]) -> Active
A12: Active | B12: Elbow | C12: EL-11 | D12: 60000 | E12: 60-22HF4 | F12: 221003 | G12: 239.377 | H12: F250C | I12: F250C | J12: 1.375 | K12: 1.5 | L12: 1 | M12: 0.0625 | N12: Elbow | O12: 316 SS | P12: - | Q12: - | R12: UCSB | S12: HIP | T12: https://www.highpressure.com/pdfs/section/HighPressure.pdf | CA12: HPS | CB12: AC | CC12: Vessel | CE12: =EL[[#This Row],[Part Type]] -> Elbow | CF12: =EL[[#This Row],[Part Nr.]] -> 60-22HF4 | CG12: =EL[[#This Row],[UID]] -> EL-11 | CK12: =IF(EL[[#This Row],[Status]]=0,"",EL[[#This Row],[Status]]) -> Active
A13: Active | B13: Elbow | C13: EL-12 | D13: 60000 | E13: 60-22HF4 | F13: 221003 | G13: 240.959 | H13: F250C | I13: F250C | J13: 1.375 | K13: 1.5 | L13: 1 | M13: 0.0625 | N13: Elbow | O13: 316 SS | P13: - | Q13: - | R13: UCSB | S13: HIP | T13: https://www.highpressure.com/pdfs/section/HighPressure.pdf | CA13: HPS | CB13: AC | CC13: Vessel | CE13: =EL[[#This Row],[Part Type]] -> Elbow | CF13: =EL[[#This Row],[Part Nr.]] -> 60-22HF4 | CG13: =EL[[#This Row],[UID]] -> EL-12 | CK13: =IF(EL[[#This Row],[Status]]=0,"",EL[[#This Row],[Status]]) -> Active
A14: Active | B14: Elbow | C14: EL-13 | D14: 100000 | E14: 100-22XF4 | F14: 221003 | G14: 353.838 | H14: F250C | I14: F250C | J14: 1.75 | K14: 1.75 | L14: 1 | M14: 0.0625 | N14: Elbow | O14: 316 SS | P14: - | Q14: - | R14: UCSB | S14: HIP | T14: https://www.highpressure.com/pdfs/section/UltraHighPressure.pdf | CA14: HPS | CB14: AC | CC14: Vessel | CE14: =EL[[#This Row],[Part Type]] -> Elbow | CF14: =EL[[#This Row],[Part Nr.]] -> 100-22XF4 | CG14: =EL[[#This Row],[UID]] -> EL-13 | CK14: =IF(EL[[#This Row],[Status]]=0,"",EL[[#This Row],[Status]]) -> Active
... A16: Active | B16: Elbow | C16: EL-15 | D16: 60000 | E16: 60-63HF4 | F16: 230215 | G16: 245.128 | H16: F250C | I16: F250C | J16: 1.625 | K16: 1.5 | L16: 2.625 | M16: 0.0625 | N16: Elbow | O16: 316 SS | P16: - | Q16: - | R16: UCSB | S16: HIP | T16: https://www.highpressure.com/pdfs/section/Accessories.pdf | CA16: HPS | CB16: AC | CC16: Vessel | CE16: =EL[[#This Row],[Part Type]] -> Elbow | CF16: =EL[[#This Row],[Part Nr.]] -> 60-63HF4 | CG16: =EL[[#This Row],[UID]] -> EL-15 | CK16: =IF(EL[[#This Row],[Status]]=0,"",EL[[#This Row],[Status]]) -> Active
CA17: HPS | CB17: AC | CC17: Vessel | CE17: =EL[[#This Row],[Part Type]] -> 0 | CF17: =EL[[#This Row],[Part Nr.]] -> 0 | CG17: =EL[[#This Row],[UID]] -> 0 | CK17: =IF(EL[[#This Row],[Status]]=0,"",EL[[#This Row],[Status]])
CA18: HPS | CB18: AC | CC18: Vessel | CE18: =EL[[#This Row],[Part Type]] -> 0 | CF18: =EL[[#This Row],[Part Nr.]] -> 0 | CG18: =EL[[#This Row],[UID]] -> 0 | CK18: =IF(EL[[#This Row],[Status]]=0,"",EL[[#This Row],[Status]])
CA19: HPS | CB19: AC | CC19: Vessel | CE19: =EL[[#This Row],[Part Type]] -> 0 | CF19: =EL[[#This Row],[Part Nr.]] -> 0 | CG19: =EL[[#This Row],[UID]] -> 0 | CK19: =IF(EL[[#This Row],[Status]]=0,"",EL[[#This Row],[Status]])
CA20: HPS | CB20: AC | CC20: Vessel | CE20: =EL[[#This Row],[Part Type]] -> 0 | CF20: =EL[[#This Row],[Part Nr.]] -> 0 | CG20: =EL[[#This Row],[UID]] -> 0 | CK20: =IF(EL[[#This Row],[Status]]=0,"",EL[[#This Row],[Status]])
CA21: HPS | CB21: AC | CC21: Vessel | CE21: =EL[[#This Row],[Part Type]] -> 0 | CF21: =EL[[#This Row],[Part Nr.]] -> 0 | CG21: =EL[[#This Row],[UID]] -> 0 | CK21: =IF(EL[[#This Row],[Status]]=0,"",EL[[#This Row],[Status]])
CA22: HPS | CB22: AC | CC22: Vessel | CE22: =EL[[#This Row],[Part Type]] -> 0 | CF22: =EL[[#This Row],[Part Nr.]] -> 0 | CG22: =EL[[#This Row],[UID]] -> 0 | CK22: =IF(EL[[#This Row],[Status]]=0,"",EL[[#This Row],[Status]])
CA23: HPS | CB23: AC | CC23: Vessel | CE23: =EL[[#This Row],[Part Type]] -> 0 | CF23: =EL[[#This Row],[Part Nr.]] -> 0 | CG23: =EL[[#This Row],[UID]] -> 0 | CK23: =IF(EL[[#This Row],[Status]]=0,"",EL[[#This Row],[Status]])
CA24: HPS | CB24: AC | CC24: Vessel | CE24: =EL[[#This Row],[Part Type]] -> 0 | CF24: =EL[[#This Row],[Part Nr.]] -> 0 | CG24: =EL[[#This Row],[UID]] -> 0 | CK24: =IF(EL[[#This Row],[Status]]=0,"",EL[[#This Row],[Status]])
CA25: HPS | CB25: AC | CC25: Vessel | CE25: =EL[[#This Row],[Part Type]] -> 0 | CF25: =EL[[#This Row],[Part Nr.]] -> 0 | CG25: =EL[[#This Row],[UID]] -> 0 | CK25: =IF(EL[[#This Row],[Status]]=0,"",EL[[#This Row],[Status]])
CA26: HPS | CB26: AC | CC26: Vessel | CE26: =EL[[#This Row],[Part Type]] -> 0 | CF26: =EL[[#This Row],[Part Nr.]] -> 0 | CG26: =EL[[#This Row],[UID]] -> 0 | CK26: =IF(EL[[#This Row],[Status]]=0,"",EL[[#This Row],[Status]])
CA27: HPS | CB27: AC | CC27: Vessel | CE27: =EL[[#This Row],[Part Type]] -> 0 | CF27: =EL[[#This Row],[Part Nr.]] -> 0 | CG27: =EL[[#This Row],[UID]] -> 0 | CK27: =IF(EL[[#This Row],[Status]]=0,"",EL[[#This Row],[Status]])
CA28: HPS | CB28: AC | CC28: Vessel | CE28: =EL[[#This Row],[Part Type]] -> 0 | CF28: =EL[[#This Row],[Part Nr.]] -> 0 | CG28: =EL[[#This Row],[UID]] -> 0 | CK28: =IF(EL[[#This Row],[Status]]=0,"",EL[[#This Row],[Status]])
... CA51: HPS | CB51: AC | CC51: Vessel | CE51: =EL[[#This Row],[Part Type]] -> 0 | CF51: =EL[[#This Row],[Part Nr.]] -> 0 | CG51: =EL[[#This Row],[UID]] -> 0 | CK51: =IF(EL[[#This Row],[Status]]=0,"",EL[[#This Row],[Status]])

Sheet FI
A1: Status | B1: Part Type | C1: UID | D1: Mass Measurment Date | E1: Mass (g) | F1: Manufacturer | G1: Part Number | H1: Filter Mesh (micron) | I1: Filter Disc UnitID | J1: Pressure Rating (psi) | K1: Fitting 1 | L1: Fitting 2 | M1: Length (in) | N1: Width (in) | O1: Wetted Material | P1: Prior SH UnitID | Q1: Quantity | R1: PO | S1: Vendor | T1: Website | BZ1: EXP Style | CA1: Setup Location | CB1: Setup Sub-Location | CC1: Sub-Setup Assembly | CD1: IO type | CE1: Zone | CF1: Device Type | CG1: Device Tag | CH1: Device Location | CI1: Circuit | CJ1: Power Source | CK1: Status
A2: Active | B2: Filter | C2: FI-A1 | D2: 220930 | E2: 947.769 | F2: HIP | G2: 60F-51HF4-2 | H2: 2 | I2: FID-2 | J2: 60000 | K2: F250C | L2: F250C | M2: 4.875 | N2: 1.5 | O2: 316 SS | P2: - | Q2: - | R2: UCSB | S2: HIP | T2: https://www.highpressure.com/products/valves-fittings-tubing/high-pressure-valves-fittings-and-tubing/line-filters-check-valves/ | BZ2: Table Format | CA2: HPS | CB2: AC | CC2: Head | CE2: =FI[[#This Row],[Part Type]] -> Filter | CF2: =FI[[#This Row],[Part Number]] -> 60F-51HF4-2 | CG2: =FI[[#This Row],[Filter Disc UnitID]] -> FID-2 | CK2: =IF(FI[[#This Row],[Status]]=0,"",FI[[#This Row],[Status]]) -> Active
A3: Active | B3: Filter | C3: FI-A2 | D3: 220930 | E3: 944.254 | F3: HIP | G3: 60F-51HF4-2 | H3: 2 | I3: FID-2 | J3: 60000 | K3: F250C | L3: F250C | M3: 4.875 | N3: 1.5 | O3: 316 SS | P3: - | Q3: - | R3: UCSB | S3: HIP | T3: https://www.highpressure.com/products/valves-fittings-tubing/high-pressure-valves-fittings-and-tubing/line-filters-check-valves/ | CA3: HPS | CB3: AC | CC3: Head | CE3: =FI[[#This Row],[Part Type]] -> Filter | CF3: =FI[[#This Row],[Part Number]] -> 60F-51HF4-2 | CG3: =FI[[#This Row],[Filter Disc UnitID]] -> FID-2 | CK3: =IF(FI[[#This Row],[Status]]=0,"",FI[[#This Row],[Status]]) -> Active
A4: Active | B4: Filter | C4: FI-1 | D4: 220930 | E4: 947.769 | F4: HIP | G4: 60F-51HF4-2 | H4: 2 | I4: FID-2 | J4: 60000 | K4: F250C | L4: F250C | M4: 4.875 | N4: 1.5 | O4: 316 SS | P4: FI-A1 | Q4: - | R4: UCSB | S4: HIP | T4: https://www.highpressure.com/products/valves-fittings-tubing/high-pressure-valves-fittings-and-tubing/line-filters-check-valves/ | CA4: HPS | CB4: AC | CC4: Head | CE4: =FI[[#This Row],[Part Type]] -> Filter | CF4: =FI[[#This Row],[Part Number]] -> 60F-51HF4-2 | CG4: =FI[[#This Row],[Filter Disc UnitID]] -> FID-2 | CK4: =IF(FI[[#This Row],[Status]]=0,"",FI[[#This Row],[Status]]) -> Active
A5: Active | B5: Filter | C5: FI-2 | D5: 220930 | E5: 944.254 | F5: HIP | G5: 60F-51HF4-2 | H5: 2 | I5: FID-2 | J5: 60000 | K5: F250C | L5: F250C | M5: 4.875 | N5: 1.5 | O5: 316 SS | P5: FI-A2 | Q5: - | R5: UCSB | S5: HIP | T5: https://www.highpressure.com/products/valves-fittings-tubing/high-pressure-valves-fittings-and-tubing/line-filters-check-valves/ | CA5: HPS | CB5: AC | CC5: Head | CE5: =FI[[#This Row],[Part Type]] -> Filter | CF5: =FI[[#This Row],[Part Number]] -> 60F-51HF4-2 | CG5: =FI[[#This Row],[Filter Disc UnitID]] -> FID-2 | CK5: =IF(FI[[#This Row],[Status]]=0,"",FI[[#This Row],[Status]]) -> Active
A6: Active | B6: Filter | C6: FI-3 | D6: 220930 | E6: 949.926 | F6: HIP | G6: 60F-51HF4-5 | H6: 5 | I6: FID-3 | J6: 60000 | K6: F250C | L6: F250C | M6: 4.875 | N6: 1.5 | O6: 316 SS | P6: - | Q6: - | R6: UCSB | S6: HIP | T6: https://www.highpressure.com/products/valves-fittings-tubing/high-pressure-valves-fittings-and-tubing/line-filters-check-valves/ | CA6: HPS | CB6: AC | CC6: Head | CE6: =FI[[#This Row],[Part Type]] -> Filter | CF6: =FI[[#This Row],[Part Number]] -> 60F-51HF4-5 | CG6: =FI[[#This Row],[Filter Disc UnitID]] -> FID-3 | CK6: =IF(FI[[#This Row],[Status]]=0,"",FI[[#This Row],[Status]]) -> Active
A7: Active | B7: Filter | C7: FI-4 | D7: 220930 | E7: 802.622 | F7: HIP | G7: 60F-51HF4-0.5 | H7: 0.5 | I7: FID-1 | J7: 60000 | K7: F250C | L7: F250C | M7: 4.875 | N7: 1.5 | O7: 316 SS | P7: Filter Stuck | Q7: - | R7: UCSB | S7: HIP | T7: https://www.highpressure.com/products/valves-fittings-tubing/high-pressure-valves-fittings-and-tubing/line-filters-check-valves/ | CA7: HPS | CB7: AC | CC7: Head | CE7: =FI[[#This Row],[Part Type]] -> Filter | CF7: =FI[[#This Row],[Part Number]] -> 60F-51HF4-0.5 | CG7: =FI[[#This Row],[Filter Disc UnitID]] -> FID-1 | CK7: =IF(FI[[#This Row],[Status]]=0,"",FI[[#This Row],[Status]]) -> Active
A8: New | B8: Filter Disc | C8: FID-1 | D8: - | E8: - | F8: HIP | G8: B01446 | H8: 0.5 | I8: - | J8: 60000 | K8: - | L8: - | M8: 0.5 | N8: 0.125 | O8: 317 SS | P8: - | Q8: 12 | R8: UCSB | S8: HIP | T8: https://www.highpressure.com/products/valves-fittings-tubing/high-pressure-valves-fittings-and-tubing/line-filters-check-valves/ | CA8: HPS | CB8: AC | CC8: Head | CE8: =FI[[#This Row],[Part Type]] -> Filter Disc | CF8: =FI[[#This Row],[Part Number]] -> B01446 | CG8: =FI[[#This Row],[Filter Disc UnitID]] -> - | CK8: =IF(FI[[#This Row],[Status]]=0,"",FI[[#This Row],[Status]]) -> New
A9: New | B9: Filter Disc | C9: FID-2 | D9: - | E9: - | F9: HIP | G9: B01447 | H9: 2 | I9: - | J9: 60000 | K9: - | L9: - | M9: 0.5 | N9: 0.125 | O9: 318 SS | P9: - | Q9: 12 | R9: UCSB | S9: HIP | T9: https://www.highpressure.com/products/valves-fittings-tubing/high-pressure-valves-fittings-and-tubing/line-filters-check-valves/ | CA9: HPS | CB9: AC | CC9: Head | CE9: =FI[[#This Row],[Part Type]] -> Filter Disc | CF9: =FI[[#This Row],[Part Number]] -> B01447 | CG9: =FI[[#This Row],[Filter Disc UnitID]] -> - | CK9: =IF(FI[[#This Row],[Status]]=0,"",FI[[#This Row],[Status]]) -> New
A10: New | B10: Filter Disc | C10: FID-3 | D10: - | E10: - | F10: HIP | G10: B01448 | H10: 5 | I10: - | J10: 60000 | K10: - | L10: - | M10: 0.5 | N10: 0.125 | O10: 319 SS | P10: - | Q10: 9 | R10: UCSB | S10: HIP | T10: https://www.highpressure.com/products/valves-fittings-tubing/high-pressure-valves-fittings-and-tubing/line-filters-check-valves/ | CA10: HPS | CB10: AC | CC10: Head | CE10: =FI[[#This Row],[Part Type]] -> Filter Disc | CF10: =FI[[#This Row],[Part Number]] -> B01448 | CG10: =FI[[#This Row],[Filter Disc UnitID]] -> - | CK10: =IF(FI[[#This Row],[Status]]=0,"",FI[[#This Row],[Status]]) -> New
A11: New | B11: Filter Disc | C11: FID-4 | D11: - | E11: - | F11: HIP | G11: B01407 | H11: 10 | I11: - | J11: 60000 | K11: - | L11: - | M11: 0.5 | N11: 0.125 | O11: 320 SS | P11: - | Q11: 9 | R11: UCSB | S11: HIP | T11: https://www.highpressure.com/products/valves-fittings-tubing/high-pressure-valves-fittings-and-tubing/line-filters-check-valves/ | CA11: HPS | CB11: AC | CC11: Head | CE11: =FI[[#This Row],[Part Type]] -> Filter Disc | CF11: =FI[[#This Row],[Part Number]] -> B01407 | CG11: =FI[[#This Row],[Filter Disc UnitID]] -> - | CK11: =IF(FI[[#This Row],[Status]]=0,"",FI[[#This Row],[Status]]) -> New
A12: New | B12: Filter Disc | C12: FID-5 | D12: - | E12: - | F12: HIP | G12: B01449 | H12: 20 | I12: - | J12: 60000 | K12: - | L12: - | M12: 0.5 | N12: 0.125 | O12: 321 SS | P12: - | Q12: 9 | R12: UCSB | S12: HIP | T12: https://www.highpressure.com/products/valves-fittings-tubing/high-pressure-valves-fittings-and-tubing/line-filters-check-valves/ | CA12: HPS | CB12: AC | CC12: Head | CE12: =FI[[#This Row],[Part Type]] -> Filter Disc | CF12: =FI[[#This Row],[Part Number]] -> B01449 | CG12: =FI[[#This Row],[Filter Disc UnitID]] -> - | CK12: =IF(FI[[#This Row],[Status]]=0,"",FI[[#This Row],[Status]]) -> New
A13: New | B13: Filter Disc | C13: FID-6 | D13: - | E13: - | F13: HIP | G13: B01408 | H13: 40 | I13: - | J13: 60000 | K13: - | L13: - | M13: 0.5 | N13: 0.125 | O13: 322 SS | P13: - | Q13: 6 | R13: UCSB | S13: HIP | T13: https://www.highpressure.com/products/valves-fittings-tubing/high-pressure-valves-fittings-and-tubing/line-filters-check-valves/ | CA13: HPS | CB13: AC | CC13: Head | CE13: =FI[[#This Row],[Part Type]] -> Filter Disc | CF13: =FI[[#This Row],[Part Number]] -> B01408 | CG13: =FI[[#This Row],[Filter Disc UnitID]] -> - | CK13: =IF(FI[[#This Row],[Status]]=0,"",FI[[#This Row],[Status]]) -> New
A14: New | B14: Filter Disc | C14: FID-7 | D14: - | E14: - | F14: HIP | G14: B01409 | H14: 100 | I14: - | J14: 60000 | K14: - | L14: - | M14: 0.5 | N14: 0.125 | O14: 323 SS | P14: - | Q14: 9 | R14: UCSB | S14: HIP | T14: https://www.highpressure.com/products/valves-fittings-tubing/high-pressure-valves-fittings-and-tubing/line-filters-check-valves/ | CA14: HPS | CB14: AC | CC14: Head | CE14: =FI[[#This Row],[Part Type]] -> Filter Disc | CF14: =FI[[#This Row],[Part Number]] -> B01409 | CG14: =FI[[#This Row],[Filter Disc UnitID]] -> - | CK14: =IF(FI[[#This Row],[Status]]=0,"",FI[[#This Row],[Status]]) -> New
E15: =#REF!-(#REF!-AVERAGEIF(E:E,FI[[#This Row],[Mass Measurment Date]],#REF!)) -> #REF! | CA15: HPS | CB15: AC | CC15: Head | CE15: =FI[[#This Row],[Part Type]] -> 0 | CF15: =FI[[#This Row],[Part Number]] -> 0 | CG15: =FI[[#This Row],[Filter Disc UnitID]] -> 0 | CK15: =IF(FI[[#This Row],[Status]]=0,"",FI[[#This Row],[Status]])
E16: =#REF!-(#REF!-AVERAGEIF(E:E,FI[[#This Row],[Mass Measurment Date]],#REF!)) -> #REF! | CA16: HPS | CB16: AC | CC16: Head | CE16: =FI[[#This Row],[Part Type]] -> 0 | CF16: =FI[[#This Row],[Part Number]] -> 0 | CG16: =FI[[#This Row],[Filter Disc UnitID]] -> 0 | CK16: =IF(FI[[#This Row],[Status]]=0,"",FI[[#This Row],[Status]])
E17: =#REF!-(#REF!-AVERAGEIF(E:E,FI[[#This Row],[Mass Measurment Date]],#REF!)) -> #REF! | CA17: HPS | CB17: AC | CC17: Head | CE17: =FI[[#This Row],[Part Type]] -> 0 | CF17: =FI[[#This Row],[Part Number]] -> 0 | CG17: =FI[[#This Row],[Filter Disc UnitID]] -> 0 | CK17: =IF(FI[[#This Row],[Status]]=0,"",FI[[#This Row],[Status]])
E18: =#REF!-(#REF!-AVERAGEIF(E:E,FI[[#This Row],[Mass Measurment Date]],#REF!)) -> #REF! | CA18: HPS | CB18: AC | CC18: Head | CE18: =FI[[#This Row],[Part Type]] -> 0 | CF18: =FI[[#This Row],[Part Number]] -> 0 | CG18: =FI[[#This Row],[Filter Disc UnitID]] -> 0 | CK18: =IF(FI[[#This Row],[Status]]=0,"",FI[[#This Row],[Status]])
E19: =#REF!-(#REF!-AVERAGEIF(E:E,FI[[#This Row],[Mass Measurment Date]],#REF!)) -> #REF! | CA19: HPS | CB19: AC | CC19: Head | CE19: =FI[[#This Row],[Part Type]] -> 0 | CF19: =FI[[#This Row],[Part Number]] -> 0 | CG19: =FI[[#This Row],[Filter Disc UnitID]] -> 0 | CK19: =IF(FI[[#This Row],[Status]]=0,"",FI[[#This Row],[Status]])
E20: =#REF!-(#REF!-AVERAGEIF(E:E,FI[[#This Row],[Mass Measurment Date]],#REF!)) -> #REF! | CA20: HPS | CB20: AC | CC20: Head | CE20: =FI[[#This Row],[Part Type]] -> 0 | CF20: =FI[[#This Row],[Part Number]] -> 0 | CG20: =FI[[#This Row],[Filter Disc UnitID]] -> 0 | CK20: =IF(FI[[#This Row],[Status]]=0,"",FI[[#This Row],[Status]])
E21: =#REF!-(#REF!-AVERAGEIF(E:E,FI[[#This Row],[Mass Measurment Date]],#REF!)) -> #REF! | CA21: HPS | CB21: AC | CC21: Head | CE21: =FI[[#This Row],[Part Type]] -> 0 | CF21: =FI[[#This Row],[Part Number]] -> 0 | CG21: =FI[[#This Row],[Filter Disc UnitID]] -> 0 | CK21: =IF(FI[[#This Row],[Status]]=0,"",FI[[#This Row],[Status]])
E22: =#REF!-(#REF!-AVERAGEIF(E:E,FI[[#This Row],[Mass Measurment Date]],#REF!)) -> #REF! | CA22: HPS | CB22: AC | CC22: Head | CE22: =FI[[#This Row],[Part Type]] -> 0 | CF22: =FI[[#This Row],[Part Number]] -> 0 | CG22: =FI[[#This Row],[Filter Disc UnitID]] -> 0 | CK22: =IF(FI[[#This Row],[Status]]=0,"",FI[[#This Row],[Status]])
E23: =#REF!-(#REF!-AVERAGEIF(E:E,FI[[#This Row],[Mass Measurment Date]],#REF!)) -> #REF! | CA23: HPS | CB23: AC | CC23: Head | CE23: =FI[[#This Row],[Part Type]] -> 0 | CF23: =FI[[#This Row],[Part Number]] -> 0 | CG23: =FI[[#This Row],[Filter Disc UnitID]] -> 0 | CK23: =IF(FI[[#This Row],[Status]]=0,"",FI[[#This Row],[Status]])
E24: =#REF!-(#REF!-AVERAGEIF(E:E,FI[[#This Row],[Mass Measurment Date]],#REF!)) -> #REF! | CA24: HPS | CB24: AC | CC24: Head | CE24: =FI[[#This Row],[Part Type]] -> 0 | CF24: =FI[[#This Row],[Part Number]] -> 0 | CG24: =FI[[#This Row],[Filter Disc UnitID]] -> 0 | CK24: =IF(FI[[#This Row],[Status]]=0,"",FI[[#This Row],[Status]])
E25: =#REF!-(#REF!-AVERAGEIF(E:E,FI[[#This Row],[Mass Measurment Date]],#REF!)) -> #REF! | CA25: HPS | CB25: AC | CC25: Head | CE25: =FI[[#This Row],[Part Type]] -> 0 | CF25: =FI[[#This Row],[Part Number]] -> 0 | CG25: =FI[[#This Row],[Filter Disc UnitID]] -> 0 | CK25: =IF(FI[[#This Row],[Status]]=0,"",FI[[#This Row],[Status]])
E26: =#REF!-(#REF!-AVERAGEIF(E:E,FI[[#This Row],[Mass Measurment Date]],#REF!)) -> #REF! | CA26: HPS | CB26: AC | CC26: Head | CE26: =FI[[#This Row],[Part Type]] -> 0 | CF26: =FI[[#This Row],[Part Number]] -> 0 | CG26: =FI[[#This Row],[Filter Disc UnitID]] -> 0 | CK26: =IF(FI[[#This Row],[Status]]=0,"",FI[[#This Row],[Status]])
... E51: =#REF!-(#REF!-AVERAGEIF(E:E,FI[[#This Row],[Mass Measurment Date]],#REF!)) -> #REF! | CA51: HPS | CB51: AC | CC51: Head | CE51: =FI[[#This Row],[Part Type]] -> 0 | CF51: =FI[[#This Row],[Part Number]] -> 0 | CG51: =FI[[#This Row],[Filter Disc UnitID]] -> 0 | CK51: =IF(FI[[#This Row],[Status]]=0,"",FI[[#This Row],[Status]])

Sheet FUR
A1: Status | B1: Part Type | C1: UID | D1: Chemicals | E1: Weight Initial (g) | F1: Density Effective (g cm-3) | G1: Volume (ml) | H1: Date Manufactured | I1: Notes | BZ1: EXP Style | CA1: Setup Location | CB1: Setup Sub-Location | CC1: Sub-Setup Assembly | CD1: IO type | CE1: Zone | CF1: Device Type | CG1: Device Tag | CH1: Device Location | CI1: Circuit | CJ1: Power Source | CK1: Status
A2: Active | B2: Furniture | C2: 0.4B-1 | D2: Rene41-0, NiCr8020-4 | E2: 1.79037 | F2: 8.3 | G2: =E2/F2 -> 0.21570723 | H2: 39965 | I2: K | BZ2: Table Format | CA2: HPS | CB2: AC | CC2: Vessel | CE2: =FUR[[#This Row],[Part Type]] -> Furniture | CF2: =FUR[[#This Row],[Chemicals]] -> Rene41-0, NiCr8020-4 | CG2: =FUR[[#This Row],[UID]] -> 0.4B-1 | CK2: =IF(FUR[[#This Row],[Status]]=0,"",FUR[[#This Row],[Status]]) -> Active
A3: Active | B3: Furniture | C3: 0.4B-2 | D3: Rene41-0, NiCr8020-4 | E3: 1.4704 | F3: 8.3 | G3: =E3/F3 -> 0.17715663 | H3: 39965 | I3: K | CA3: HPS | CB3: AC | CC3: Vessel | CE3: =FUR[[#This Row],[Part Type]] -> Furniture | CF3: =FUR[[#This Row],[Chemicals]] -> Rene41-0, NiCr8020-4 | CG3: =FUR[[#This Row],[UID]] -> 0.4B-2 | CK3: =IF(FUR[[#This Row],[Status]]=0,"",FUR[[#This Row],[Status]]) -> Active
A4: Active | B4: Furniture | C4: 0.4B-3 | D4: Rene41-0, NiCr8020-4 | E4: 1.73603 | F4: 8.3 | G4: =E4/F4 -> 0.20916024 | H4: 40148 | CA4: HPS | CB4: AC | CC4: Vessel | CE4: =FUR[[#This Row],[Part Type]] -> Furniture | CF4: =FUR[[#This Row],[Chemicals]] -> Rene41-0, NiCr8020-4 | CG4: =FUR[[#This Row],[UID]] -> 0.4B-3 | CK4: =IF(FUR[[#This Row],[Status]]=0,"",FUR[[#This Row],[Status]]) -> Active
A5: Active | B5: Furniture | C5: 0.4C-0 | D5: Ni-20, Ni-19 | E5: 4.87881 | F5: 8.908 | G5: =E5/F5 -> 0.54768859 | H5: 39965 | I5: K | CA5: HPS | CB5: AC | CC5: Vessel | CE5: =FUR[[#This Row],[Part Type]] -> Furniture | CF5: =FUR[[#This Row],[Chemicals]] -> Ni-20, Ni-19 | CG5: =FUR[[#This Row],[UID]] -> 0.4C-0 | CK5: =IF(FUR[[#This Row],[Status]]=0,"",FUR[[#This Row],[Status]]) -> Active
A6: Active | B6: Furniture | C6: 0.4C-1 | D6: Ni-20, Ni-19 | E6: 3.89517 | F6: 8.908 | G6: =E6/F6 -> 0.4372665 | H6: 39965 | I6: K | CA6: HPS | CB6: AC | CC6: Vessel | CE6: =FUR[[#This Row],[Part Type]] -> Furniture | CF6: =FUR[[#This Row],[Chemicals]] -> Ni-20, Ni-19 | CG6: =FUR[[#This Row],[UID]] -> 0.4C-1 | CK6: =IF(FUR[[#This Row],[Status]]=0,"",FUR[[#This Row],[Status]]) -> Active
A7: Active | B7: Furniture | C7: 0.4C-2 | D7: Ni-20, Ni-19 | E7: 4.29029 | F7: 8.908 | G7: =E7/F7 -> 0.48162214 | H7: 40148 | CA7: HPS | CB7: AC | CC7: Vessel | CE7: =FUR[[#This Row],[Part Type]] -> Furniture | CF7: =FUR[[#This Row],[Chemicals]] -> Ni-20, Ni-19 | CG7: =FUR[[#This Row],[UID]] -> 0.4C-2 | CK7: =IF(FUR[[#This Row],[Status]]=0,"",FUR[[#This Row],[Status]]) -> Active
A8: Active | B8: Furniture | C8: 0.4S-1 | D8: Rene41-0, NiCr8020-4, Ni-19 | E8: 4.70883 | F8: 8.5 | G8: =E8/F8 -> 0.55398 | H8: 39965 | I8: K | CA8: HPS | CB8: AC | CC8: Vessel | CE8: =FUR[[#This Row],[Part Type]] -> Furniture | CF8: =FUR[[#This Row],[Chemicals]] -> Rene41-0, NiCr8020-4, Ni-19 | CG8: =FUR[[#This Row],[UID]] -> 0.4S-1 | CK8: =IF(FUR[[#This Row],[Status]]=0,"",FUR[[#This Row],[Status]]) -> Active
A9: Active | B9: Furniture | C9: 0.4S-2 | D9: Rene41-0, Ni200201-1, Ni-19 | E9: 4.47078 | F9: 8.5 | G9: =E9/F9 -> 0.52597412 | H9: 40148 | CA9: HPS | CB9: AC | CC9: Vessel | CE9: =FUR[[#This Row],[Part Type]] -> Furniture | CF9: =FUR[[#This Row],[Chemicals]] -> Rene41-0, Ni200201-1, Ni-19 | CG9: =FUR[[#This Row],[UID]] -> 0.4S-2 | CK9: =IF(FUR[[#This Row],[Status]]=0,"",FUR[[#This Row],[Status]]) -> Active
A10: Active | B10: Furniture | C10: 0.4S-5 | D10: Rene41-0, NiCr8020-4, Ni-19 | E10: 3.9816 | F10: 8.5 | G10: =E10/F10 -> 0.46842353 | H10: 40148 | CA10: HPS | CB10: AC | CC10: Vessel | CE10: =FUR[[#This Row],[Part Type]] -> Furniture | CF10: =FUR[[#This Row],[Chemicals]] -> Rene41-0, NiCr8020-4, Ni-19 | CG10: =FUR[[#This Row],[UID]] -> 0.4S-5 | CK10: =IF(FUR[[#This Row],[Status]]=0,"",FUR[[#This Row],[Status]]) -> Active
A11: Active | B11: Furniture | C11: 13M-1 | D11: Mo 99.95 | E11: 91.265667 | CA11: HPS | CB11: AC | CC11: Vessel | CE11: =FUR[[#This Row],[Part Type]] -> Furniture | CF11: =FUR[[#This Row],[Chemicals]] -> Mo 99.95 | CG11: =FUR[[#This Row],[UID]] -> 13M-1 | CK11: =IF(FUR[[#This Row],[Status]]=0,"",FUR[[#This Row],[Status]]) -> Active
A12: Active | B12: Furniture | C12: 13M-2 | D12: Mo 99.95 | E12: 92.065 | CA12: HPS | CB12: AC | CC12: Vessel | CE12: =FUR[[#This Row],[Part Type]] -> Furniture | CF12: =FUR[[#This Row],[Chemicals]] -> Mo 99.95 | CG12: =FUR[[#This Row],[UID]] -> 13M-2 | CK12: =IF(FUR[[#This Row],[Status]]=0,"",FUR[[#This Row],[Status]]) -> Active
A13: Active | B13: Furniture | C13: 1Aa-1 | D13: Inc625, Ni | E13: 87.834 | F13: 8.5 | G13: =E13/F13 -> 10.333412 | H13: 42464 | I13: Inconel baffles (descending: 4-hole, 1-hole, 4-hole) aligned along Ni-99 rods, secured with Ni wire, centered with respect to Inconel top plate which interfaces with nozzle internal threads | CA13: HPS | CB13: AC | CC13: Vessel | CE13: =FUR[[#This Row],[Part Type]] -> Furniture | CF13: =FUR[[#This Row],[Chemicals]] -> Inc625, Ni | CG13: =FUR[[#This Row],[UID]] -> 1Aa-1 | CK13: =IF(FUR[[#This Row],[Status]]=0,"",FUR[[#This Row],[Status]]) -> Active
A14: Active | B14: Furniture | C14: 1Aa-2 | D14: Inc625, Ni | E14: 87.834 | F14: 8.5 | G14: =E14/F14 -> 10.333412 | H14: 42528 | I14: Inconel baffles (descending: 4-hole, 1-hole, 4-hole) aligned along 2nd generation Ni-99 rods (top and bottom holes containing plates), secured with Ni wire, centered with respect to Inconel top plate which interfaces with nozzle internal threads. | CA14: HPS | CB14: AC | CC14: Vessel | CE14: =FUR[[#This Row],[Part Type]] -> Furniture | CF14: =FUR[[#This Row],[Chemicals]] -> Inc625, Ni | CG14: =FUR[[#This Row],[UID]] -> 1Aa-2 | CK14: =IF(FUR[[#This Row],[Status]]=0,"",FUR[[#This Row],[Status]]) -> Active
A15: Active | B15: Furniture | C15: 1B-1 | D15: Ni200201-1, NiCr8020-4 | E15: 8.55418 | F15: 8.75 | G15: =E15/F15 -> 0.97762057 | H15: 39814 | I15: A | CA15: HPS | CB15: AC | CC15: Vessel | CE15: =FUR[[#This Row],[Part Type]] -> Furniture | CF15: =FUR[[#This Row],[Chemicals]] -> Ni200201-1, NiCr8020-4 | CG15: =FUR[[#This Row],[UID]] -> 1B-1 | CK15: =IF(FUR[[#This Row],[Status]]=0,"",FUR[[#This Row],[Status]]) -> Active
A16: Active | B16: Furniture | C16: 1B-10 | D16: Ni200201-1, NiCr8020-4 | E16: 8.99013 | F16: 8.74 | G16: =E16/F16 -> 1.028619 | H16: 40610 | CA16: HPS | CB16: AC | CC16: Vessel | CE16: =FUR[[#This Row],[Part Type]] -> Furniture | CF16: =FUR[[#This Row],[Chemicals]] -> Ni200201-1, NiCr8020-4 | CG16: =FUR[[#This Row],[UID]] -> 1B-10 | CK16: =IF(FUR[[#This Row],[Status]]=0,"",FUR[[#This Row],[Status]]) -> Active
A17: Active | B17: Furniture | C17: 1B-11 | D17: Ni200201-1, NiCr8020-4 | E17: 9.03402 | F17: 8.74 | G17: =E17/F17 -> 1.0336407 | H17: 40610 | CA17: HPS | CB17: AC | CC17: Vessel | CE17: =FUR[[#This Row],[Part Type]] -> Furniture | CF17: =FUR[[#This Row],[Chemicals]] -> Ni200201-1, NiCr8020-4 | CG17: =FUR[[#This Row],[UID]] -> 1B-11 | CK17: =IF(FUR[[#This Row],[Status]]=0,"",FUR[[#This Row],[Status]]) -> Active
A18: Active | B18: Furniture | C18: 1B-12 | D18: Ni200201-1, NiCr8020-4 | E18: 8.64788 | F18: 8.75 | G18: =E18/F18 -> 0.98832914 | H18: 40610 | CA18: HPS | CB18: AC | CC18: Vessel | CE18: =FUR[[#This Row],[Part Type]] -> Furniture | CF18: =FUR[[#This Row],[Chemicals]] -> Ni200201-1, NiCr8020-4 | CG18: =FUR[[#This Row],[UID]] -> 1B-12 | CK18: =IF(FUR[[#This Row],[Status]]=0,"",FUR[[#This Row],[Status]]) -> Active
A19: Active | B19: Furniture | C19: 1B-13 | D19: Ni200201-1, NiCr8020-4 | E19: 8.901 | F19: 8.75 | G19: =E19/F19 -> 1.0172571 | H19: 40610 | CA19: HPS | CB19: AC | CC19: Vessel | CE19: =FUR[[#This Row],[Part Type]] -> Furniture | CF19: =FUR[[#This Row],[Chemicals]] -> Ni200201-1, NiCr8020-4 | CG19: =FUR[[#This Row],[UID]] -> 1B-13 | CK19: =IF(FUR[[#This Row],[Status]]=0,"",FUR[[#This Row],[Status]]) -> Active
A20: Active | B20: Furniture | C20: 1B-14 | D20: Ni200201-1, NiCr8020-4 | E20: 8.82351 | F20: 8.75 | G20: =E20/F20 -> 1.0084011 | H20: 40610 | CA20: HPS | CB20: AC | CC20: Vessel | CE20: =FUR[[#This Row],[Part Type]] -> Furniture | CF20: =FUR[[#This Row],[Chemicals]] -> Ni200201-1, NiCr8020-4 | CG20: =FUR[[#This Row],[UID]] -> 1B-14 | CK20: =IF(FUR[[#This Row],[Status]]=0,"",FUR[[#This Row],[Status]]) -> Active
A21: Retired | B21: Furniture | C21: 1B-15 | D21: Ag-5, Ag-6 | E21: 12.51304 | F21: 10.49 | G21: =E21/F21 -> 1.1928541 | H21: 40679 | I21: superseded by 1B-24. removed wires and replaced | CA21: HPS | CB21: AC | CC21: Vessel | CE21: =FUR[[#This Row],[Part Type]] -> Furniture | CF21: =FUR[[#This Row],[Chemicals]] -> Ag-5, Ag-6 | CG21: =FUR[[#This Row],[UID]] -> 1B-15 | CK21: =IF(FUR[[#This Row],[Status]]=0,"",FUR[[#This Row],[Status]]) -> Retired
A22: Retired | B22: Furniture | C22: 1B-16 | D22: Ag-5, Ag-6 | E22: 12.37881 | F22: 10.49 | G22: =E22/F22 -> 1.1800582 | H22: 40679 | I22: superseded by 1B-25. removed wires and replaced | CA22: HPS | CB22: AC | CC22: Vessel | CE22: =FUR[[#This Row],[Part Type]] -> Furniture | CF22: =FUR[[#This Row],[Chemicals]] -> Ag-5, Ag-6 | CG22: =FUR[[#This Row],[UID]] -> 1B-16 | CK22: =IF(FUR[[#This Row],[Status]]=0,"",FUR[[#This Row],[Status]]) -> Retired
A23: Retired | B23: Furniture | C23: 1B-17 | D23: Ag-5, Ag-6 | E23: 12.51185 | F23: 10.49 | G23: =E23/F23 -> 1.1927407 | H23: 40694 | I23: retired. tried to remove wires to renew, but all broke off and stuck inside. probably from the Bismuth run? Did not drill out yet. | CA23: HPS | CB23: AC | CC23: Vessel | CE23: =FUR[[#This Row],[Part Type]] -> Furniture | CF23: =FUR[[#This Row],[Chemicals]] -> Ag-5, Ag-6 | CG23: =FUR[[#This Row],[UID]] -> 1B-17 | CK23: =IF(FUR[[#This Row],[Status]]=0,"",FUR[[#This Row],[Status]]) -> Retired
A24: Retired | B24: Furniture | C24: 1B-18 | D24: Ag-5, Ag-6 | E24: 12.47043 | F24: 10.49 | G24: =E24/F24 -> 1.1887922 | H24: 40694 | I24: superseded by 1B-26, removed wires and replaced | CA24: HPS | CB24: AC | CC24: Vessel | CE24: =FUR[[#This Row],[Part Type]] -> Furniture | CF24: =FUR[[#This Row],[Chemicals]] -> Ag-5, Ag-6 | CG24: =FUR[[#This Row],[UID]] -> 1B-18 | CK24: =IF(FUR[[#This Row],[Status]]=0,"",FUR[[#This Row],[Status]]) -> Retired
A25: Active | B25: Furniture | C25: 1B-19 | D25: Ag-10, Ag-6 | E25: 13.0644 | F25: 10.49 | G25: =E25/F25 -> 1.2454147 | H25: 40773 | CA25: HPS | CB25: AC | CC25: Vessel | CE25: =FUR[[#This Row],[Part Type]] -> Furniture | CF25: =FUR[[#This Row],[Chemicals]] -> Ag-10, Ag-6 | CG25: =FUR[[#This Row],[UID]] -> 1B-19 | CK25: =IF(FUR[[#This Row],[Status]]=0,"",FUR[[#This Row],[Status]]) -> Active
A26: Active | B26: Furniture | C26: 1B-2 | D26: Ni200201-1, NiCr8020-4 | E26: 8.89712 | F26: 8.72 | G26: =E26/F26 -> 1.0203119 | H26: 39814 | I26: A | CA26: HPS | CB26: AC | CC26: Vessel | CE26: =FUR[[#This Row],[Part Type]] -> Furniture | CF26: =FUR[[#This Row],[Chemicals]] -> Ni200201-1, NiCr8020-4 | CG26: =FUR[[#This Row],[UID]] -> 1B-2 | CK26: =IF(FUR[[#This Row],[Status]]=0,"",FUR[[#This Row],[Status]]) -> Active
A27: Active | B27: Furniture | C27: 1B-20 | D27: Ag-10, Ag-6 | E27: 13.24331 | F27: 10.49 | G27: =E27/F27 -> 1.26247 | H27: 40773 | CA27: HPS | CB27: AC | CC27: Vessel | CE27: =FUR[[#This Row],[Part Type]] -> Furniture | CF27: =FUR[[#This Row],[Chemicals]] -> Ag-10, Ag-6 | CG27: =FUR[[#This Row],[UID]] -> 1B-20 | CK27: =IF(FUR[[#This Row],[Status]]=0,"",FUR[[#This Row],[Status]]) -> Active
A28: Active | B28: Furniture | C28: 1B-21 | D28: Ag-10, Ag-6, Ag-14 | E28: 13.13374 | F28: 10.49 | G28: =E28/F28 -> 1.2520248 | H28: 40773 | I28: Redid one of the legs since broken. 12/22/11. Same length | CA28: HPS | CB28: AC | CC28: Vessel | CE28: =FUR[[#This Row],[Part Type]] -> Furniture | CF28: =FUR[[#This Row],[Chemicals]] -> Ag-10, Ag-6, Ag-14 | CG28: =FUR[[#This Row],[UID]] -> 1B-21 | CK28: =IF(FUR[[#This Row],[Status]]=0,"",FUR[[#This Row],[Status]]) -> Active
A29: Active | B29: Furniture | C29: 1B-22 | D29: Ag-10, Ag-6 | E29: 13.07572 | F29: 10.49 | G29: =E29/F29 -> 1.2464938 | H29: 40773 | CA29: HPS | CB29: AC | CC29: Vessel | CE29: =FUR[[#This Row],[Part Type]] -> Furniture | CF29: =FUR[[#This Row],[Chemicals]] -> Ag-10, Ag-6 | CG29: =FUR[[#This Row],[UID]] -> 1B-22 | CK29: =IF(FUR[[#This Row],[Status]]=0,"",FUR[[#This Row],[Status]]) -> Active
A30: Active | B30: Furniture | C30: 1B-23 | D30: Ag-10, Ag-6 | E30: 13.08098 | F30: 10.49 | G30: =E30/F30 -> 1.2469952 | H30: 40773 | CA30: HPS | CB30: AC | CC30: Vessel | CE30: =FUR[[#This Row],[Part Type]] -> Furniture | CF30: =FUR[[#This Row],[Chemicals]] -> Ag-10, Ag-6 | CG30: =FUR[[#This Row],[UID]] -> 1B-23 | CK30: =IF(FUR[[#This Row],[Status]]=0,"",FUR[[#This Row],[Status]]) -> Active
A31: Active | B31: Furniture | C31: 1B-24 | D31: Ag-14, Ag-6 | E31: 12.73475 | F31: 10.49 | G31: =E31/F31 -> 1.2139895 | H31: 40773 | I31: reused plate from 1B-15. Sanded off all surfaces prior to reusing. | CA31: HPS | CB31: AC | CC31: Vessel | CE31: =FUR[[#This Row],[Part Type]] -> Furniture | CF31: =FUR[[#This Row],[Chemicals]] -> Ag-14, Ag-6 | CG31: =FUR[[#This Row],[UID]] -> 1B-24 | CK31: =IF(FUR[[#This Row],[Status]]=0,"",FUR[[#This Row],[Status]]) -> Active
A32: Active | B32: Furniture | C32: 1B-25 | D32: Ag-14, Ag-6 | E32: 12.77263 | F32: 10.49 | G32: =E32/F32 -> 1.2176006 | H32: 40773 | I32: reused plate from 1B-16. Sanded off all surfaces prior to reusing. | CA32: HPS | CB32: AC | CC32: Vessel | CE32: =FUR[[#This Row],[Part Type]] -> Furniture | CF32: =FUR[[#This Row],[Chemicals]] -> Ag-14, Ag-6 | CG32: =FUR[[#This Row],[UID]] -> 1B-25 | CK32: =IF(FUR[[#This Row],[Status]]=0,"",FUR[[#This Row],[Status]]) -> Active
A33: Active | B33: Furniture | C33: 1B-26 | D33: Ag-14, Ag-6 | E33: 12.79417 | F33: 10.49 | G33: =E33/F33 -> 1.219654 | H33: 40773 | I33: reused plate from 1B-18. Sanded off all surfaces prior to reusing. | CA33: HPS | CB33: AC | CC33: Vessel | CE33: =FUR[[#This Row],[Part Type]] -> Furniture | CF33: =FUR[[#This Row],[Chemicals]] -> Ag-14, Ag-6 | CG33: =FUR[[#This Row],[UID]] -> 1B-26 | CK33: =IF(FUR[[#This Row],[Status]]=0,"",FUR[[#This Row],[Status]]) -> Active
A34: Active | B34: Furniture | C34: 1B-27 | D34: Ag-6, Ag-14 | E34: 13.10782 | F34: 10.49 | G34: =E34/F34 -> 1.2495539 | H34: 40899 | CA34: HPS | CB34: AC | CC34: Vessel | CE34: =FUR[[#This Row],[Part Type]] -> Furniture | CF34: =FUR[[#This Row],[Chemicals]] -> Ag-6, Ag-14 | CG34: =FUR[[#This Row],[UID]] -> 1B-27 | CK34: =IF(FUR[[#This Row],[Status]]=0,"",FUR[[#This Row],[Status]]) -> Active
A35: Active | B35: Furniture | C35: 1B-28 | D35: Ag-16, Ag-14 | E35: 9.95681 | F35: 10.49 | G35: =E35/F35 -> 0.94917159 | H35: 40899 | CA35: HPS | CB35: AC | CC35: Vessel | CE35: =FUR[[#This Row],[Part Type]] -> Furniture | CF35: =FUR[[#This Row],[Chemicals]] -> Ag-16, Ag-14 | CG35: =FUR[[#This Row],[UID]] -> 1B-28 | CK35: =IF(FUR[[#This Row],[Status]]=0,"",FUR[[#This Row],[Status]]) -> Active
A36: Active | B36: Furniture | C36: 1B-29 | D36: Ag-16, Ag-14 | E36: 10.16105 | F36: 10.49 | G36: =E36/F36 -> 0.96864156 | H36: 40899 | CA36: HPS | CB36: AC | CC36: Vessel | CE36: =FUR[[#This Row],[Part Type]] -> Furniture | CF36: =FUR[[#This Row],[Chemicals]] -> Ag-16, Ag-14 | CG36: =FUR[[#This Row],[UID]] -> 1B-29 | CK36: =IF(FUR[[#This Row],[Status]]=0,"",FUR[[#This Row],[Status]]) -> Active
A37: Retired | B37: Furniture | C37: 1B-3 | D37: Ni200201-1, NiCr8020-4 | E37: 8.75905 | F37: 8.78 | G37: =E37/F37 -> 0.9976139 | H37: 39083 | I37: A, Old, Borken, used to be used all the time | CA37: HPS | CB37: AC | CC37: Vessel | CE37: =FUR[[#This Row],[Part Type]] -> Furniture | CF37: =FUR[[#This Row],[Chemicals]] -> Ni200201-1, NiCr8020-4 | CG37: =FUR[[#This Row],[UID]] -> 1B-3 | CK37: =IF(FUR[[#This Row],[Status]]=0,"",FUR[[#This Row],[Status]]) -> Retired
A38: Active | B38: Furniture | C38: 1B-30 | D38: Ag-16, Ag-14 | E38: 10.06276 | F38: 10.49 | G38: =E38/F38 -> 0.95927169 | H38: 40899 | CA38: HPS | CB38: AC | CC38: Vessel | CE38: =FUR[[#This Row],[Part Type]] -> Furniture | CF38: =FUR[[#This Row],[Chemicals]] -> Ag-16, Ag-14 | CG38: =FUR[[#This Row],[UID]] -> 1B-30 | CK38: =IF(FUR[[#This Row],[Status]]=0,"",FUR[[#This Row],[Status]]) -> Active
A39: Active | B39: Furniture | C39: 1B-31 | D39: Ag-16, Ag-14 | E39: 10.09118 | F39: 10.49 | G39: =E39/F39 -> 0.96198093 | H39: 40899 | CA39: HPS | CB39: AC | CC39: Vessel | CE39: =FUR[[#This Row],[Part Type]] -> Furniture | CF39: =FUR[[#This Row],[Chemicals]] -> Ag-16, Ag-14 | CG39: =FUR[[#This Row],[UID]] -> 1B-31 | CK39: =IF(FUR[[#This Row],[Status]]=0,"",FUR[[#This Row],[Status]]) -> Active
A40: Active | B40: Furniture | C40: 1B-32 | D40: Ag-16, Ag-14 | E40: 10.15368 | F40: 10.49 | G40: =E40/F40 -> 0.96793899 | H40: 40899 | CA40: HPS | CB40: AC | CC40: Vessel | CE40: =FUR[[#This Row],[Part Type]] -> Furniture | CF40: =FUR[[#This Row],[Chemicals]] -> Ag-16, Ag-14 | CG40: =FUR[[#This Row],[UID]] -> 1B-32 | CK40: =IF(FUR[[#This Row],[Status]]=0,"",FUR[[#This Row],[Status]]) -> Active
A41: Active | B41: Furniture | C41: 1B-33 | D41: Ag-16, Ag-14 | E41: 10.08796 | F41: 10.49 | G41: =E41/F41 -> 0.96167398 | H41: 40899 | CA41: HPS | CB41: AC | CC41: Vessel | CE41: =FUR[[#This Row],[Part Type]] -> Furniture | CF41: =FUR[[#This Row],[Chemicals]] -> Ag-16, Ag-14 | CG41: =FUR[[#This Row],[UID]] -> 1B-33 | CK41: =IF(FUR[[#This Row],[Status]]=0,"",FUR[[#This Row],[Status]]) -> Active
A42: Active | B42: Furniture | C42: 1B-34 | D42: Ag-16, Ag-14 | E42: 10.05076 | F42: 10.49 | G42: =E42/F42 -> 0.95812774 | H42: 40899 | CA42: HPS | CB42: AC | CC42: Vessel | CE42: =FUR[[#This Row],[Part Type]] -> Furniture | CF42: =FUR[[#This Row],[Chemicals]] -> Ag-16, Ag-14 | CG42: =FUR[[#This Row],[UID]] -> 1B-34 | CK42: =IF(FUR[[#This Row],[Status]]=0,"",FUR[[#This Row],[Status]]) -> Active
A43: Active | B43: Furniture | C43: 1B-35 | D43: Ag-16, Ag-14 | E43: 9.80223 | F43: 10.49 | G43: =E43/F43 -> 0.93443565 | H43: 40899 | CA43: HPS | CB43: AC | CC43: Vessel | CE43: =FUR[[#This Row],[Part Type]] -> Furniture | CF43: =FUR[[#This Row],[Chemicals]] -> Ag-16, Ag-14 | CG43: =FUR[[#This Row],[UID]] -> 1B-35 | CK43: =IF(FUR[[#This Row],[Status]]=0,"",FUR[[#This Row],[Status]]) -> Active
A44: Active | B44: Furniture | C44: 1B-36 | D44: Ag-16, Ag-14 | E44: 10.02278 | F44: 10.49 | G44: =E44/F44 -> 0.95546044 | H44: 40899 | CA44: HPS | CB44: AC | CC44: Vessel | CE44: =FUR[[#This Row],[Part Type]] -> Furniture | CF44: =FUR[[#This Row],[Chemicals]] -> Ag-16, Ag-14 | CG44: =FUR[[#This Row],[UID]] -> 1B-36 | CK44: =IF(FUR[[#This Row],[Status]]=0,"",FUR[[#This Row],[Status]]) -> Active
A45: Active | B45: Furniture | C45: 1B-37 | D45: Mo | E45: =AVERAGE(5.55792,5.57261,5.61232,5.63252) -> 5.5938425 | F45: 10.28 | G45: =E45/F45 -> 0.5441481 | H45: 41980 | I45: Average weight, OD: 0.890, four holes (0.100) | CA45: HPS | CB45: AC | CC45: Vessel | CE45: =FUR[[#This Row],[Part Type]] -> Furniture | CF45: =FUR[[#This Row],[Chemicals]] -> Mo | CG45: =FUR[[#This Row],[UID]] -> 1B-37 | CK45: =IF(FUR[[#This Row],[Status]]=0,"",FUR[[#This Row],[Status]]) -> Active
A46: Active | B46: Furniture | C46: 1B-38 | D46: Mo | E46: =AVERAGE(5.55157,6.20671) -> 5.87914 | F46: 10.28 | G46: =E46/F46 -> 0.57190078 | H46: 41980 | I46: Average weight, OD: 0.890, one hole (0.200) | CA46: HPS | CB46: AC | CC46: Vessel | CE46: =FUR[[#This Row],[Part Type]] -> Furniture | CF46: =FUR[[#This Row],[Chemicals]] -> Mo | CG46: =FUR[[#This Row],[UID]] -> 1B-38 | CK46: =IF(FUR[[#This Row],[Status]]=0,"",FUR[[#This Row],[Status]]) -> Active
A47: Active | B47: Furniture | C47: 1B-39 | D47: Mo | E47: =AVERAGE(5.4764,5.44304,5.42627,5.44143) -> 5.446785 | F47: 10.28 | G47: =E47/F47 -> 0.5298429 | H47: 41980 | I47: Average weight, OD: 0.880, four holes (0.100) | CA47: HPS | CB47: AC | CC47: Vessel | CE47: =FUR[[#This Row],[Part Type]] -> Furniture | CF47: =FUR[[#This Row],[Chemicals]] -> Mo | CG47: =FUR[[#This Row],[UID]] -> 1B-39 | CK47: =IF(FUR[[#This Row],[Status]]=0,"",FUR[[#This Row],[Status]]) -> Active
A48: Retired | B48: Furniture | C48: 1B-4 | D48: Ni200201-1, NiCr8020-4 | E48: 8.14163 | F48: 8.78 | G48: =E48/F48 -> 0.92729271 | H48: 39814 | I48: A, Old, Legs broke off on long run 090811A | CA48: HPS | CB48: AC | CC48: Vessel | CE48: =FUR[[#This Row],[Part Type]] -> Furniture | CF48: =FUR[[#This Row],[Chemicals]] -> Ni200201-1, NiCr8020-4 | CG48: =FUR[[#This Row],[UID]] -> 1B-4 | CK48: =IF(FUR[[#This Row],[Status]]=0,"",FUR[[#This Row],[Status]]) -> Retired
A49: Active | B49: Furniture | C49: 1B-40 | D49: Mo | E49: =AVERAGE(5.3444,5.50938) -> 5.42689 | F49: 10.28 | G49: =E49/F49 -> 0.52790759 | H49: 41980 | I49: Average weight, OD: 0.880, one hole (0.200) | CA49: HPS | CB49: AC | CC49: Vessel | CE49: =FUR[[#This Row],[Part Type]] -> Furniture | CF49: =FUR[[#This Row],[Chemicals]] -> Mo | CG49: =FUR[[#This Row],[UID]] -> 1B-40 | CK49: =IF(FUR[[#This Row],[Status]]=0,"",FUR[[#This Row],[Status]]) -> Active
A50: Active | B50: Furniture | C50: 1B-41 | D50: Ag | E50: =AVERAGE(7.0747,7.15284,7.05339,7.12249) -> 7.100855 | F50: 10.49 | G50: =E50/F50 -> 0.67691659 | H50: 41980 | I50: Replaces 1S-18, four hole, OD 0.866" | CA50: HPS | CB50: AC | CC50: Vessel | CE50: =FUR[[#This Row],[Part Type]] -> Furniture | CF50: =FUR[[#This Row],[Chemicals]] -> Ag | CG50: =FUR[[#This Row],[UID]] -> 1B-41 | CK50: =IF(FUR[[#This Row],[Status]]=0,"",FUR[[#This Row],[Status]]) -> Active
A51: Active | B51: Furniture | C51: 1B-42 | D51: Ag | E51: =AVERAGE(7.16893,7.17371) -> 7.17132 | F51: 10.49 | G51: =E51/F51 -> 0.68363394 | H51: 41980 | I51: Replaces 1S-18, one hole, OD 0.866" | CA51: HPS | CB51: AC | CC51: Vessel | CE51: =FUR[[#This Row],[Part Type]] -> Furniture | CF51: =FUR[[#This Row],[Chemicals]] -> Ag | CG51: =FUR[[#This Row],[UID]] -> 1B-42 | CK51: =IF(FUR[[#This Row],[Status]]=0,"",FUR[[#This Row],[Status]]) -> Active
A52: Active | B52: Furniture | C52: 1B-43 | D52: Ag | E52: =AVERAGE(6.5823,6.31028) -> 6.44629 | F52: 10.49 | G52: =E52/F52 -> 0.61451764 | H52: 41980 | I52: Replaces 1S-20, four hole, OD 0.815" | CA52: HPS | CB52: AC | CC52: Vessel | CE52: =FUR[[#This Row],[Part Type]] -> Furniture | CF52: =FUR[[#This Row],[Chemicals]] -> Ag | CG52: =FUR[[#This Row],[UID]] -> 1B-43 | CK52: =IF(FUR[[#This Row],[Status]]=0,"",FUR[[#This Row],[Status]]) -> Active
A53: Active | B53: Furniture | C53: 1B-44 | D53: Ag | E53: =AVERAGE(6.4447,6.30368,6.35146,6.3196) -> 6.35486 | F53: 10.49 | G53: =E53/F53 -> 0.60580172 | H53: 41980 | I53: Replaces 1S-20, one hole, OD 0.815" | CA53: HPS | CB53: AC | CC53: Vessel | CE53: =FUR[[#This Row],[Part Type]] -> Furniture | CF53: =FUR[[#This Row],[Chemicals]] -> Ag | CG53: =FUR[[#This Row],[UID]] -> 1B-44 | CK53: =IF(FUR[[#This Row],[Status]]=0,"",FUR[[#This Row],[Status]]) -> Active
A54: Active | B54: Furniture | C54: 1B-5 | D54: Ni200201-1 | E54: 69.162 | F54: 8.89 | G54: =E54/F54 -> 7.7797525 | H54: 39769 | CA54: HPS | CB54: AC | CC54: Vessel | CE54: =FUR[[#This Row],[Part Type]] -> Furniture | CF54: =FUR[[#This Row],[Chemicals]] -> Ni200201-1 | CG54: =FUR[[#This Row],[UID]] -> 1B-5 | CK54: =IF(FUR[[#This Row],[Status]]=0,"",FUR[[#This Row],[Status]]) -> Active
A55: Active | B55: Furniture | C55: 1B-6 | D55: Ni200201-1, NiCr8020-4 | E55: 9.0409 | F55: 8.75 | G55: =E55/F55 -> 1.0332457 | H55: 39965 | I55: M | CA55: HPS | CB55: AC | CC55: Vessel | CE55: =FUR[[#This Row],[Part Type]] -> Furniture | CF55: =FUR[[#This Row],[Chemicals]] -> Ni200201-1, NiCr8020-4 | CG55: =FUR[[#This Row],[UID]] -> 1B-6 | CK55: =IF(FUR[[#This Row],[Status]]=0,"",FUR[[#This Row],[Status]]) -> Active
A56: Active | B56: Furniture | C56: 1B-7 | D56: Ni200201-1, NiCr8020-4 | E56: 8.58915 | F56: 8.74 | G56: =E56/F56 -> 0.98274027 | H56: 39083 | I56: M | CA56: HPS | CB56: AC | CC56: Vessel | CE56: =FUR[[#This Row],[Part Type]] -> Furniture | CF56: =FUR[[#This Row],[Chemicals]] -> Ni200201-1, NiCr8020-4 | CG56: =FUR[[#This Row],[UID]] -> 1B-7 | CK56: =IF(FUR[[#This Row],[Status]]=0,"",FUR[[#This Row],[Status]]) -> Active
A57: Active | B57: Furniture | C57: 1B-8 | D57: Ni200201-1, NiCr8020-4 | E57: 8.39087 | F57: 8.74 | G57: =E57/F57 -> 0.96005378 | H57: 40610 | CA57: HPS | CB57: AC | CC57: Vessel | CE57: =FUR[[#This Row],[Part Type]] -> Furniture | CF57: =FUR[[#This Row],[Chemicals]] -> Ni200201-1, NiCr8020-4 | CG57: =FUR[[#This Row],[UID]] -> 1B-8 | CK57: =IF(FUR[[#This Row],[Status]]=0,"",FUR[[#This Row],[Status]]) -> Active
A58: Active | B58: Furniture | C58: 1B-9 | D58: Ni200201-1, NiCr8020-4 | E58: 9.00938 | F58: 8.74 | G58: =E58/F58 -> 1.0308215 | H58: 40610 | CA58: HPS | CB58: AC | CC58: Vessel | CE58: =FUR[[#This Row],[Part Type]] -> Furniture | CF58: =FUR[[#This Row],[Chemicals]] -> Ni200201-1, NiCr8020-4 | CG58: =FUR[[#This Row],[UID]] -> 1B-9 | CK58: =IF(FUR[[#This Row],[Status]]=0,"",FUR[[#This Row],[Status]]) -> Active
A59: Active | B59: Furniture | C59: 1Bc-1 | D59: Inc625 | F59: 8.44 | G59: =E59/F59 -> 0 | H59: 42444 | I59: Baffle for centered payload assembly, 4 hole configuration, basket standoff | CA59: HPS | CB59: AC | CC59: Vessel | CE59: =FUR[[#This Row],[Part Type]] -> Furniture | CF59: =FUR[[#This Row],[Chemicals]] -> Inc625 | CG59: =FUR[[#This Row],[UID]] -> 1Bc-1 | CK59: =IF(FUR[[#This Row],[Status]]=0,"",FUR[[#This Row],[Status]]) -> Active
A60: Active | B60: Furniture | C60: 1Bc-2 | D60: Inc625 | F60: 8.44 | G60: =E60/F60 -> 0 | H60: 42444 | I60: Baffle for centered payload assembly, 1 hole configuration | CA60: HPS | CB60: AC | CC60: Vessel | CE60: =FUR[[#This Row],[Part Type]] -> Furniture | CF60: =FUR[[#This Row],[Chemicals]] -> Inc625 | CG60: =FUR[[#This Row],[UID]] -> 1Bc-2 | CK60: =IF(FUR[[#This Row],[Status]]=0,"",FUR[[#This Row],[Status]]) -> Active
A61: Active | B61: Furniture | C61: 1Bc-3 | D61: Inc625 | F61: 8.44 | G61: =E61/F61 -> 0 | H61: 42444 | I61: Baffle for centered payload assembly, 4 hole configuration, seed hanging standoff | CA61: HPS | CB61: AC | CC61: Vessel | CE61: =FUR[[#This Row],[Part Type]] -> Furniture | CF61: =FUR[[#This Row],[Chemicals]] -> Inc625 | CG61: =FUR[[#This Row],[UID]] -> 1Bc-3 | CK61: =IF(FUR[[#This Row],[Status]]=0,"",FUR[[#This Row],[Status]]) -> Active
A62: Retired | B62: Furniture | C62: 1C-0 | D62: Ni-20, Ni-19 | E62: 9.02355 | F62: 8.908 | G62: =E62/F62 -> 1.0129715 | H62: 39083 | I62: A, Old, Tadao made this container | CA62: HPS | CB62: AC | CC62: Vessel | CE62: =FUR[[#This Row],[Part Type]] -> Furniture | CF62: =FUR[[#This Row],[Chemicals]] -> Ni-20, Ni-19 | CG62: =FUR[[#This Row],[UID]] -> 1C-0 | CK62: =IF(FUR[[#This Row],[Status]]=0,"",FUR[[#This Row],[Status]]) -> Retired
A63: Active | B63: Furniture | C63: 1C-1 | D63: Ni-20, Ni-19 | E63: 10.07943 | F63: 8.908 | G63: =E63/F63 -> 1.1315031 | H63: 39600 | I63: M | CA63: HPS | CB63: AC | CC63: Vessel | CE63: =FUR[[#This Row],[Part Type]] -> Furniture | CF63: =FUR[[#This Row],[Chemicals]] -> Ni-20, Ni-19 | CG63: =FUR[[#This Row],[UID]] -> 1C-1 | CK63: =IF(FUR[[#This Row],[Status]]=0,"",FUR[[#This Row],[Status]]) -> Active
A64: Active | B64: Furniture | C64: 1C-10 | D64: W-6, W-3 | E64: 3.54762 | F64: 19.25 | G64: =E64/F64 -> 0.18429195 | H64: 40679 | CA64: HPS | CB64: AC | CC64: Vessel | CE64: =FUR[[#This Row],[Part Type]] -> Furniture | CF64: =FUR[[#This Row],[Chemicals]] -> W-6, W-3 | CG64: =FUR[[#This Row],[UID]] -> 1C-10 | CK64: =IF(FUR[[#This Row],[Status]]=0,"",FUR[[#This Row],[Status]]) -> Active
A65: Active | B65: Furniture | C65: 1C-11 | D65: BN-1 | F65: 2.29 | G65: =E65/F65 -> 0 | H65: 40544 | I65: BN crucible. PBN. From Shin. | CA65: HPS | CB65: AC | CC65: Vessel | CE65: =FUR[[#This Row],[Part Type]] -> Furniture | CF65: =FUR[[#This Row],[Chemicals]] -> BN-1 | CG65: =FUR[[#This Row],[UID]] -> 1C-11 | CK65: =IF(FUR[[#This Row],[Status]]=0,"",FUR[[#This Row],[Status]]) -> Active
A66: Active | B66: Furniture | C66: 1C-12 | D66: Ag-8, Ag-10, Ag-6, Ag-4 | E66: 8.79916 | F66: 10.49 | G66: =E66/F66 -> 0.83881411 | H66: 40773 | I66: wire internal for easy loading. | CA66: HPS | CB66: AC | CC66: Vessel | CE66: =FUR[[#This Row],[Part Type]] -> Furniture | CF66: =FUR[[#This Row],[Chemicals]] -> Ag-8, Ag-10, Ag-6, Ag-4 | CG66: =FUR[[#This Row],[UID]] -> 1C-12 | CK66: =IF(FUR[[#This Row],[Status]]=0,"",FUR[[#This Row],[Status]]) -> Active
A67: Active | B67: Furniture | C67: 1C-13 | D67: Ag-15, Ag-10, Ag-6, Ag-4 | E67: 9.3289 | F67: 10.49 | G67: =E67/F67 -> 0.88931363 | H67: 40773 | I67: wire internal for easy loading | CA67: HPS | CB67: AC | CC67: Vessel | CE67: =FUR[[#This Row],[Part Type]] -> Furniture | CF67: =FUR[[#This Row],[Chemicals]] -> Ag-15, Ag-10, Ag-6, Ag-4 | CG67: =FUR[[#This Row],[UID]] -> 1C-13 | CK67: =IF(FUR[[#This Row],[Status]]=0,"",FUR[[#This Row],[Status]]) -> Active
A68: Active | B68: Furniture | C68: 1C-14 | D68: Ag-15, Ag-10, Ag-6, Ag-4 | E68: 9.1205 | F68: 10.49 | G68: =E68/F68 -> 0.86944709 | H68: 40773 | I68: wire internal for easy loading | CA68: HPS | CB68: AC | CC68: Vessel | CE68: =FUR[[#This Row],[Part Type]] -> Furniture | CF68: =FUR[[#This Row],[Chemicals]] -> Ag-15, Ag-10, Ag-6, Ag-4 | CG68: =FUR[[#This Row],[UID]] -> 1C-14 | CK68: =IF(FUR[[#This Row],[Status]]=0,"",FUR[[#This Row],[Status]]) -> Active
A69: Active | B69: Furniture | C69: 1C-15 | D69: Ag-15, Ag-10, Ag-6, Ag-4 | E69: 9.1347 | F69: 10.49 | G69: =E69/F69 -> 0.87080076 | H69: 40773 | I69: wire internal for easy loading | CA69: HPS | CB69: AC | CC69: Vessel | CE69: =FUR[[#This Row],[Part Type]] -> Furniture | CF69: =FUR[[#This Row],[Chemicals]] -> Ag-15, Ag-10, Ag-6, Ag-4 | CG69: =FUR[[#This Row],[UID]] -> 1C-15 | CK69: =IF(FUR[[#This Row],[Status]]=0,"",FUR[[#This Row],[Status]]) -> Active
A70: Active | B70: Furniture | C70: 1C-16 | D70: Ag-11, Ag-10 | E70: 16.81527 | F70: 10.49 | G70: =E70/F70 -> 1.6029809 | H70: 40773 | I70: wire internal for easy loading | CA70: HPS | CB70: AC | CC70: Vessel | CE70: =FUR[[#This Row],[Part Type]] -> Furniture | CF70: =FUR[[#This Row],[Chemicals]] -> Ag-11, Ag-10 | CG70: =FUR[[#This Row],[UID]] -> 1C-16 | CK70: =IF(FUR[[#This Row],[Status]]=0,"",FUR[[#This Row],[Status]]) -> Active
A71: Active | B71: Furniture | C71: 1C-17 | D71: Ag-6, Ag-10 | E71: 12.38676 | F71: 10.49 | G71: =E71/F71 -> 1.180816 | H71: 40773 | I71: wire internal for easy loading | CA71: HPS | CB71: AC | CC71: Vessel | CE71: =FUR[[#This Row],[Part Type]] -> Furniture | CF71: =FUR[[#This Row],[Chemicals]] -> Ag-6, Ag-10 | CG71: =FUR[[#This Row],[UID]] -> 1C-17 | CK71: =IF(FUR[[#This Row],[Status]]=0,"",FUR[[#This Row],[Status]]) -> Active
A72: Active | B72: Furniture | C72: 1C-18 | E72: 13.09331 | F72: 10.49 | G72: =E72/F72 -> 1.2481706 | H72: 40822 | CA72: HPS | CB72: AC | CC72: Vessel | CE72: =FUR[[#This Row],[Part Type]] -> Furniture | CF72: =FUR[[#This Row],[Chemicals]] -> 0 | CG72: =FUR[[#This Row],[UID]] -> 1C-18 | CK72: =IF(FUR[[#This Row],[Status]]=0,"",FUR[[#This Row],[Status]]) -> Active
A73: Active | B73: Furniture | C73: 1C-19 | D73: Ag-16 | E73: 13.45451 | F73: 10.49 | G73: =E73/F73 -> 1.2826034 | H73: 40822 | CA73: HPS | CB73: AC | CC73: Vessel | CE73: =FUR[[#This Row],[Part Type]] -> Furniture | CF73: =FUR[[#This Row],[Chemicals]] -> Ag-16 | CG73: =FUR[[#This Row],[UID]] -> 1C-19 | CK73: =IF(FUR[[#This Row],[Status]]=0,"",FUR[[#This Row],[Status]]) -> Active
A74: Active | B74: Furniture | C74: 1C-2 | D74: Ni-20, Ni-19 | E74: 9.92486 | F74: 8.908 | G74: =E74/F74 -> 1.1141513 | H74: 40148 | CA74: HPS | CB74: AC | CC74: Vessel | CE74: =FUR[[#This Row],[Part Type]] -> Furniture | CF74: =FUR[[#This Row],[Chemicals]] -> Ni-20, Ni-19 | CG74: =FUR[[#This Row],[UID]] -> 1C-2 | CK74: =IF(FUR[[#This Row],[Status]]=0,"",FUR[[#This Row],[Status]]) -> Active
A75: Active | B75: Furniture | C75: 1C-20 | D75: Ag-6 | E75: 13.36809 | F75: 10.49 | G75: =E75/F75 -> 1.2743651 | H75: 40822 | CA75: HPS | CB75: AC | CC75: Vessel | CE75: =FUR[[#This Row],[Part Type]] -> Furniture | CF75: =FUR[[#This Row],[Chemicals]] -> Ag-6 | CG75: =FUR[[#This Row],[UID]] -> 1C-20 | CK75: =IF(FUR[[#This Row],[Status]]=0,"",FUR[[#This Row],[Status]]) -> Active
A76: Active | B76: Furniture | C76: 1C-21 | D76: Ag-6 | E76: 12.7916 | F76: 10.49 | G76: =E76/F76 -> 1.219409 | H76: 40822 | CA76: HPS | CB76: AC | CC76: Vessel | CE76: =FUR[[#This Row],[Part Type]] -> Furniture | CF76: =FUR[[#This Row],[Chemicals]] -> Ag-6 | CG76: =FUR[[#This Row],[UID]] -> 1C-21 | CK76: =IF(FUR[[#This Row],[Status]]=0,"",FUR[[#This Row],[Status]]) -> Active
A77: Active | B77: Furniture | C77: 1C-22 | D77: Ag-6 | E77: 13.03441 | F77: 10.49 | G77: =E77/F77 -> 1.2425558 | H77: 40822 | CA77: HPS | CB77: AC | CC77: Vessel | CE77: =FUR[[#This Row],[Part Type]] -> Furniture | CF77: =FUR[[#This Row],[Chemicals]] -> Ag-6 | CG77: =FUR[[#This Row],[UID]] -> 1C-22 | CK77: =IF(FUR[[#This Row],[Status]]=0,"",FUR[[#This Row],[Status]]) -> Active
A78: Active | B78: Furniture | C78: 1C-23 | D78: Ag-6, Ag-14, Ag-15, Ag-4 | E78: 9.72328 | F78: 10.49 | G78: =E78/F78 -> 0.92690944 | H78: 40899 | I78: double mesh for stability | CA78: HPS | CB78: AC | CC78: Vessel | CE78: =FUR[[#This Row],[Part Type]] -> Furniture | CF78: =FUR[[#This Row],[Chemicals]] -> Ag-6, Ag-14, Ag-15, Ag-4 | CG78: =FUR[[#This Row],[UID]] -> 1C-23 | CK78: =IF(FUR[[#This Row],[Status]]=0,"",FUR[[#This Row],[Status]]) -> Active
A79: Active | B79: Furniture | C79: 1C-24 | D79: Ag-4, Ag-14, Ag-15, Ag-16 | E79: 9.89767 | F79: 10.49 | G79: =E79/F79 -> 0.94353384 | H79: 40899 | I79: double mesh for stability | CA79: HPS | CB79: AC | CC79: Vessel | CE79: =FUR[[#This Row],[Part Type]] -> Furniture | CF79: =FUR[[#This Row],[Chemicals]] -> Ag-4, Ag-14, Ag-15, Ag-16 | CG79: =FUR[[#This Row],[UID]] -> 1C-24 | CK79: =IF(FUR[[#This Row],[Status]]=0,"",FUR[[#This Row],[Status]]) -> Active
A80: Active | B80: Furniture | C80: 1C-25 | D80: Ag-4, Ag-14, Ag-15, Ag-16 | E80: 9.89161 | F80: 10.49 | G80: =E80/F80 -> 0.94295615 | H80: 40899 | I80: double mesh for stability | CA80: HPS | CB80: AC | CC80: Vessel | CE80: =FUR[[#This Row],[Part Type]] -> Furniture | CF80: =FUR[[#This Row],[Chemicals]] -> Ag-4, Ag-14, Ag-15, Ag-16 | CG80: =FUR[[#This Row],[UID]] -> 1C-25 | CK80: =IF(FUR[[#This Row],[Status]]=0,"",FUR[[#This Row],[Status]]) -> Active
A81: Active | B81: Furniture | C81: 1C-26 | D81: Ag-4, Ag-16, Ag-14, Ag-15 | E81: 9.82941 | F81: 10.49 | G81: =E81/F81 -> 0.93702669 | H81: 40899 | I81: double mesh for stability | CA81: HPS | CB81: AC | CC81: Vessel | CE81: =FUR[[#This Row],[Part Type]] -> Furniture | CF81: =FUR[[#This Row],[Chemicals]] -> Ag-4, Ag-16, Ag-14, Ag-15 | CG81: =FUR[[#This Row],[UID]] -> 1C-26 | CK81: =IF(FUR[[#This Row],[Status]]=0,"",FUR[[#This Row],[Status]]) -> Active
A82: Active | B82: Furniture | C82: 1C-27 | D82: Ag-10, Ag-15, Ag-6, Ag-4 | E82: 9.70892 | F82: 10.49 | G82: =E82/F82 -> 0.92554051 | H82: 40899 | I82: Previously 1C-12. Reused everything except mesh. double mesh for stability | CA82: HPS | CB82: AC | CC82: Vessel | CE82: =FUR[[#This Row],[Part Type]] -> Furniture | CF82: =FUR[[#This Row],[Chemicals]] -> Ag-10, Ag-15, Ag-6, Ag-4 | CG82: =FUR[[#This Row],[UID]] -> 1C-27 | CK82: =IF(FUR[[#This Row],[Status]]=0,"",FUR[[#This Row],[Status]]) -> Active
A83: Active | B83: Furniture | C83: 1C-28 | D83: Ag-10, Ag-15, Ag-6, Ag-4 | E83: 10.05397 | F83: 10.49 | G83: =E83/F83 -> 0.95843375 | H83: 40899 | I83: Previously 1C-14. Reused everything except mesh. double mesh for stability | CA83: HPS | CB83: AC | CC83: Vessel | CE83: =FUR[[#This Row],[Part Type]] -> Furniture | CF83: =FUR[[#This Row],[Chemicals]] -> Ag-10, Ag-15, Ag-6, Ag-4 | CG83: =FUR[[#This Row],[UID]] -> 1C-28 | CK83: =IF(FUR[[#This Row],[Status]]=0,"",FUR[[#This Row],[Status]]) -> Active
A84: Active | B84: Furniture | C84: 1C-29 | E84: 10.60358 | F84: 10.49 | G84: =E84/F84 -> 1.0108275 | H84: 41501 | CA84: HPS | CB84: AC | CC84: Vessel | CE84: =FUR[[#This Row],[Part Type]] -> Furniture | CF84: =FUR[[#This Row],[Chemicals]] -> 0 | CG84: =FUR[[#This Row],[UID]] -> 1C-29 | CK84: =IF(FUR[[#This Row],[Status]]=0,"",FUR[[#This Row],[Status]]) -> Active
A85: Active | B85: Furniture | C85: 1C-3 | D85: Ni-20, Ni-19 | E85: 9.36855 | F85: 8.908 | G85: =E85/F85 -> 1.0517007 | H85: 40148 | CA85: HPS | CB85: AC | CC85: Vessel | CE85: =FUR[[#This Row],[Part Type]] -> Furniture | CF85: =FUR[[#This Row],[Chemicals]] -> Ni-20, Ni-19 | CG85: =FUR[[#This Row],[UID]] -> 1C-3 | CK85: =IF(FUR[[#This Row],[Status]]=0,"",FUR[[#This Row],[Status]]) -> Active
A86: Active | B86: Furniture | C86: 1C-30 | D86: Mo | E86: =SUM(7.72021,11.89516) -> 19.61537 | F86: 10.28 | G86: =E86/F86 -> 1.9081099 | H86: 41980 | I86: Sum of top and bottom, no mesh | CA86: HPS | CB86: AC | CC86: Vessel | CE86: =FUR[[#This Row],[Part Type]] -> Furniture | CF86: =FUR[[#This Row],[Chemicals]] -> Mo | CG86: =FUR[[#This Row],[UID]] -> 1C-30 | CK86: =IF(FUR[[#This Row],[Status]]=0,"",FUR[[#This Row],[Status]]) -> Active
A87: Active | B87: Furniture | C87: 1C-31 | D87: Inc625,NiCr | E87: 6.14281 | F87: 8.5 | G87: =E87/F87 -> 0.72268353 | H87: 42464 | I87: Basket for assembly 1Aa-1 | CA87: HPS | CB87: AC | CC87: Vessel | CE87: =FUR[[#This Row],[Part Type]] -> Furniture | CF87: =FUR[[#This Row],[Chemicals]] -> Inc625,NiCr | CG87: =FUR[[#This Row],[UID]] -> 1C-31 | CK87: =IF(FUR[[#This Row],[Status]]=0,"",FUR[[#This Row],[Status]]) -> Active
A88: Active | B88: Furniture | C88: 1C-32 | D88: TZM-2 | F88: 10.22 | G88: =E88/F88 -> 0 | H88: 42512 | I88: TZM crucible fabricated for flux | CA88: HPS | CB88: AC | CC88: Vessel | CE88: =FUR[[#This Row],[Part Type]] -> Furniture | CF88: =FUR[[#This Row],[Chemicals]] -> TZM-2 | CG88: =FUR[[#This Row],[UID]] -> 1C-32 | CK88: =IF(FUR[[#This Row],[Status]]=0,"",FUR[[#This Row],[Status]]) -> Active
A89: Active | B89: Furniture | C89: 1C-33 | D89: TZM-3 | F89: 10.22 | G89: =E89/F89 -> 0 | H89: 42512 | I89: TZM crucible fabricated for flux | CA89: HPS | CB89: AC | CC89: Vessel | CE89: =FUR[[#This Row],[Part Type]] -> Furniture | CF89: =FUR[[#This Row],[Chemicals]] -> TZM-3 | CG89: =FUR[[#This Row],[UID]] -> 1C-33 | CK89: =IF(FUR[[#This Row],[Status]]=0,"",FUR[[#This Row],[Status]]) -> Active
A90: Active | B90: Furniture | C90: 1C-4 | D90: Ni-20, Ni-19 | E90: 11.89221 | F90: 8.908 | G90: =E90/F90 -> 1.3350034 | H90: 40148 | CA90: HPS | CB90: AC | CC90: Vessel | CE90: =FUR[[#This Row],[Part Type]] -> Furniture | CF90: =FUR[[#This Row],[Chemicals]] -> Ni-20, Ni-19 | CG90: =FUR[[#This Row],[UID]] -> 1C-4 | CK90: =IF(FUR[[#This Row],[Status]]=0,"",FUR[[#This Row],[Status]]) -> Active
A91: Active | B91: Furniture | C91: 1C-5 | D91: Ni-19, NiCr8020-3 | E91: 9.33918 | F91: 8.35 | G91: =E91/F91 -> 1.1184647 | H91: 40610 | CA91: HPS | CB91: AC | CC91: Vessel | CE91: =FUR[[#This Row],[Part Type]] -> Furniture | CF91: =FUR[[#This Row],[Chemicals]] -> Ni-19, NiCr8020-3 | CG91: =FUR[[#This Row],[UID]] -> 1C-5 | CK91: =IF(FUR[[#This Row],[Status]]=0,"",FUR[[#This Row],[Status]]) -> Active
A92: Active | B92: Furniture | C92: 1C-6 | D92: Ni-19, NiCr8020-3 | E92: 9.38637 | F92: 8.35 | G92: =E92/F92 -> 1.1241162 | H92: 40610 | CA92: HPS | CB92: AC | CC92: Vessel | CE92: =FUR[[#This Row],[Part Type]] -> Furniture | CF92: =FUR[[#This Row],[Chemicals]] -> Ni-19, NiCr8020-3 | CG92: =FUR[[#This Row],[UID]] -> 1C-6 | CK92: =IF(FUR[[#This Row],[Status]]=0,"",FUR[[#This Row],[Status]]) -> Active
A93: Active | B93: Furniture | C93: 1C-7 | D93: Ni-19, NiCr8020-3 | E93: 9.54343 | F93: 8.35 | G93: =E93/F93 -> 1.1429257 | H93: 40610 | CA93: HPS | CB93: AC | CC93: Vessel | CE93: =FUR[[#This Row],[Part Type]] -> Furniture | CF93: =FUR[[#This Row],[Chemicals]] -> Ni-19, NiCr8020-3 | CG93: =FUR[[#This Row],[UID]] -> 1C-7 | CK93: =IF(FUR[[#This Row],[Status]]=0,"",FUR[[#This Row],[Status]]) -> Active
A94: Active | B94: Furniture | C94: 1C-8 | D94: Ag-8, Ag-4, Ag-2 | E94: 1.48005 | F94: 10.49 | G94: =E94/F94 -> 0.14109152 | H94: 40679 | CA94: HPS | CB94: AC | CC94: Vessel | CE94: =FUR[[#This Row],[Part Type]] -> Furniture | CF94: =FUR[[#This Row],[Chemicals]] -> Ag-8, Ag-4, Ag-2 | CG94: =FUR[[#This Row],[UID]] -> 1C-8 | CK94: =IF(FUR[[#This Row],[Status]]=0,"",FUR[[#This Row],[Status]]) -> Active
A95: Active | B95: Furniture | C95: 1C-9 | D95: Nb-1, Nb-2 | F95: 8.57 | G95: =E95/F95 -> 0 | H95: 40679 | CA95: HPS | CB95: AC | CC95: Vessel | CE95: =FUR[[#This Row],[Part Type]] -> Furniture | CF95: =FUR[[#This Row],[Chemicals]] -> Nb-1, Nb-2 | CG95: =FUR[[#This Row],[UID]] -> 1C-9 | CK95: =IF(FUR[[#This Row],[Status]]=0,"",FUR[[#This Row],[Status]]) -> Active
A96: Active | B96: Furniture | C96: 1Cc-1 | D96: Inc600, Inc625, NiCr | F96: 8.47 | G96: =E96/F96 -> 0 | H96: 42444 | I96: Basket for centered payload assembly, composed of 3/8" tube and NiCr mesh | CA96: HPS | CB96: AC | CC96: Vessel | CE96: =FUR[[#This Row],[Part Type]] -> Furniture | CF96: =FUR[[#This Row],[Chemicals]] -> Inc600, Inc625, NiCr | CG96: =FUR[[#This Row],[UID]] -> 1Cc-1 | CK96: =IF(FUR[[#This Row],[Status]]=0,"",FUR[[#This Row],[Status]]) -> Active
A97: Active | B97: Furniture | C97: 1H-20 | D97: Ag | E97: 131.97 | F97: 10.49 | G97: =E97/F97 -> 12.580553 | H97: 41980 | I97: Old, Replaces existing (number unknown) | CA97: HPS | CB97: AC | CC97: Vessel | CE97: =FUR[[#This Row],[Part Type]] -> Furniture | CF97: =FUR[[#This Row],[Chemicals]] -> Ag | CG97: =FUR[[#This Row],[UID]] -> 1H-20 | CK97: =IF(FUR[[#This Row],[Status]]=0,"",FUR[[#This Row],[Status]]) -> Active
A98: Active | B98: Furniture | C98: 1H-21 | D98: Ag | E98: 118.97 | F98: 10.49 | G98: =E98/F98 -> 11.341277 | H98: 41980 | I98: 1P-12 | CA98: HPS | CB98: AC | CC98: Vessel | CE98: =FUR[[#This Row],[Part Type]] -> Furniture | CF98: =FUR[[#This Row],[Chemicals]] -> Ag | CG98: =FUR[[#This Row],[UID]] -> 1H-21 | CK98: =IF(FUR[[#This Row],[Status]]=0,"",FUR[[#This Row],[Status]]) -> Active
A99: Active | B99: Furniture | C99: 1H-22 | D99: Ag | E99: 119.75 | F99: 10.49 | G99: =E99/F99 -> 11.415634 | H99: 41980 | I99: 1P-11 | CA99: HPS | CB99: AC | CC99: Vessel | CE99: =FUR[[#This Row],[Part Type]] -> Furniture | CF99: =FUR[[#This Row],[Chemicals]] -> Ag | CG99: =FUR[[#This Row],[UID]] -> 1H-22 | CK99: =IF(FUR[[#This Row],[Status]]=0,"",FUR[[#This Row],[Status]]) -> Active
A100: Active | B100: Furniture | C100: 1H-23 | D100: Ag | E100: 117.82 | F100: 10.49 | G100: =E100/F100 -> 11.231649 | H100: 41980 | I100: new | CA100: HPS | CB100: AC | CC100: Vessel | CE100: =FUR[[#This Row],[Part Type]] -> Furniture | CF100: =FUR[[#This Row],[Chemicals]] -> Ag | CG100: =FUR[[#This Row],[UID]] -> 1H-23 | CK100: =IF(FUR[[#This Row],[Status]]=0,"",FUR[[#This Row],[Status]]) -> Active
...

Sheet GKT
A1: Status | B1: Part Type | C1: UID | D1: Description Name | E1: Autoclave Type | F1: Material | G1: Coating | H1: Profile | I1: Design Date | J1: Quantity | K1: Lot | L1: PO | M1: Link To Schematic Drawing | N1: Notes | CA1: EXP Style | CB1: Setup Location | CC1: Setup Sub-Location | CD1: Sub-Setup Assembly | CE1: IO type | CF1: Zone | CG1: Device Type | CH1: Device Tag | CI1: Device Location | CJ1: Circuit | CK1: Power Source | CL1: Status
A2: Retired | B2: Gasket | C2: GKT-400-1 | D2: 400MPa Ni | E2: 400 MPa | F2: Ni 200/201 | G2: None | I2: 39661 | J2: 0 | K2: - | L2: - | M2: https://drive.google.com/open?id=15ewtfKK1gKb0aSSAJScFIKPRcQe2srpR&authuser=jrd419%40lehigh.edu&usp=drive_fs | N2: Original 400MPa design. | CA2: Table Format | CB2: HPS | CC2: AC | CD2: Vessel | CF2: =GKT[[#This Row],[Part Type]] -> Gasket | CG2: =GKT[[#This Row],[Description Name]] -> 400MPa Ni | CH2: =GKT[[#This Row],[UID]] -> GKT-400-1 | CL2: =IF(GKT[[#This Row],[Status]]=0,"",GKT[[#This Row],[Status]]) -> Retired
A3: Retired | B3: Gasket | C3: GKT-400-2 | D3: 400MPa Ni w/M8 | E3: 400 MPa | F3: Ni 200/201 | G3: None | I3: 40087 | J3: 0 | K3: - | L3: - | M3: https://drive.google.com/open?id=15ewtfKK1gKb0aSSAJScFIKPRcQe2srpR&authuser=jrd419%40lehigh.edu&usp=drive_fs | CB3: HPS | CC3: AC | CD3: Vessel | CF3: =GKT[[#This Row],[Part Type]] -> Gasket | CG3: =GKT[[#This Row],[Description Name]] -> 400MPa Ni w/M8 | CH3: =GKT[[#This Row],[UID]] -> GKT-400-2 | CL3: =IF(GKT[[#This Row],[Status]]=0,"",GKT[[#This Row],[Status]]) -> Retired
A4: Retired | B4: Gasket | C4: GKT-400-3 | D4: 400MPa Inconel | E4: 400 MPa | F4: Inconel 625 | G4: None | I4: 39661 | J4: 0 | K4: - | L4: - | M4: https://drive.google.com/open?id=15ewtfKK1gKb0aSSAJScFIKPRcQe2srpR&authuser=jrd419%40lehigh.edu&usp=drive_fs | N4: Draft specifications of the 400MPa reactor called out for Inconel 625 gaskets. We manufactured them according to specs at a machine shop with 625. Final specifications called out for Ni 201 and primarily use Ni 200/201 now. | CB4: HPS | CC4: AC | CD4: Vessel | CF4: =GKT[[#This Row],[Part Type]] -> Gasket | CG4: =GKT[[#This Row],[Description Name]] -> 400MPa Inconel | CH4: =GKT[[#This Row],[UID]] -> GKT-400-3 | CL4: =IF(GKT[[#This Row],[Status]]=0,"",GKT[[#This Row],[Status]]) -> Retired
A5: Active | B5: Gasket | C5: GKT-New1-1 | D5: New 1" Inconel | E5: New 1" | F5: Inconel 625 | G5: None | I5: 39826 | J5: 10 | K5: - | L5: - | M5: https://drive.google.com/open?id=1z-7l6ocvr6DakZrFmGN8Qqvg6IULUwIn&authuser=jrd419%40lehigh.edu&usp=drive_fs | N5: Gasket for New 1”. Original per JSW design | CB5: HPS | CC5: AC | CD5: Vessel | CF5: =GKT[[#This Row],[Part Type]] -> Gasket | CG5: =GKT[[#This Row],[Description Name]] -> New 1" Inconel | CH5: =GKT[[#This Row],[UID]] -> GKT-New1-1 | CL5: =IF(GKT[[#This Row],[Status]]=0,"",GKT[[#This Row],[Status]]) -> Active
A6: Active | B6: Gasket | C6: GKT-New1-2 | D6: New 1" Ni | E6: New 1" | F6: Ni 200/201 | G6: None | I6: 39827 | J6: 0 | K6: - | L6: - | M6: https://drive.google.com/open?id=1PGBsMJqd6ThoGi8ms-OP20YG-VtLxw46&authuser=jrd419%40lehigh.edu&usp=drive_fs | N6: Starting using Ni 200/201 due to problems with sealing using the inconel material (original specified material by JSW). Also concern with scratching the reactor walls, reducing seal quality over time. Identical dimensions, only difference is material. | CB6: HPS | CC6: AC | CD6: Vessel | CF6: =GKT[[#This Row],[Part Type]] -> Gasket | CG6: =GKT[[#This Row],[Description Name]] -> New 1" Ni | CH6: =GKT[[#This Row],[UID]] -> GKT-New1-2 | CL6: =IF(GKT[[#This Row],[Status]]=0,"",GKT[[#This Row],[Status]]) -> Active
A7: Active | B7: Gasket | C7: GKT-New1-3 | D7: New 1" Ni One Ridge | E7: New 1" | F7: Ni 200/201 | G7: None | I7: 40026 | J7: 0 | K7: - | L7: - | M7: https://drive.google.com/open?id=1FPhDRkUWItPKcRsXRlN1U8etzC5v23tQ&authuser=jrd419%40lehigh.edu&usp=drive_fs | N7: New New 1” gasket design with a ridge in the middle to improve sealing pressure and use Ni metal for deformation to conform better and eliminate scratching on inside surfaces of the reactor. | CB7: HPS | CC7: AC | CD7: Vessel | CF7: =GKT[[#This Row],[Part Type]] -> Gasket | CG7: =GKT[[#This Row],[Description Name]] -> New 1" Ni One Ridge | CH7: =GKT[[#This Row],[UID]] -> GKT-New1-3 | CL7: =IF(GKT[[#This Row],[Status]]=0,"",GKT[[#This Row],[Status]]) -> Active
A8: Active | B8: Gasket | C8: GKT-New1-4 | D8: New 1" Ni One Ridge Loose | E8: New 1" | F8: Ni 200/201 | G8: None | I8: 40664 | J8: 37 | K8: - | L8: - | M8: https://drive.google.com/open?id=11YSGYqxzRHdmlyWx6hfaOZcLXn0jLYUq&authuser=jrd419%40lehigh.edu&usp=drive_fs | N8: Same design as New1_3, simply narrower inside lip to allow for easier assembly with silver liner. Now the gasket will sit flat on the reactor and nozzle without needing to press fit it in. | CB8: HPS | CC8: AC | CD8: Vessel | CF8: =GKT[[#This Row],[Part Type]] -> Gasket | CG8: =GKT[[#This Row],[Description Name]] -> New 1" Ni One Ridge Loose | CH8: =GKT[[#This Row],[UID]] -> GKT-New1-4 | CL8: =IF(GKT[[#This Row],[Status]]=0,"",GKT[[#This Row],[Status]]) -> Active
A9: Active | B9: Gasket | C9: GKT-Old1-1 | D9: Old 1" Ni | E9: Old 1" | F9: Ni 200/201 | G9: None | I9: 39083 | J9: 43 | K9: - | L9: - | M9: https://drive.google.com/open?id=1R4oLJPU3F9zyBxg6ToefT5l3Co-ZV4I1&authuser=jrd419%40lehigh.edu&usp=drive_fs | N9: Original Tadao style gasket. Used exclusively thru Oct 2009. | CB9: HPS | CC9: AC | CD9: Vessel | CF9: =GKT[[#This Row],[Part Type]] -> Gasket | CG9: =GKT[[#This Row],[Description Name]] -> Old 1" Ni | CH9: =GKT[[#This Row],[UID]] -> GKT-Old1-1 | CL9: =IF(GKT[[#This Row],[Status]]=0,"",GKT[[#This Row],[Status]]) -> Active
A10: Active | B10: Gasket | C10: GKT-Old1-2 | D10: Old 1" One Ridge | E10: Old 1" | F10: Ni 200/201 | G10: None | I10: 39995 | J10: 0 | K10: - | L10: - | M10: https://drive.google.com/open?id=19cjqhAUwOJchogY-VM2ExzO-hjdww-NJ&authuser=jrd419%40lehigh.edu&usp=drive_fs | N10: Added additional ridge to see if improvements can be made to reduce leakage (pressure drop) during growth. Ridges are only 10 degrees, and a new series should be made with 20 degree ridges (10 degree disappear after tightening). | CB10: HPS | CC10: AC | CD10: Vessel | CF10: =GKT[[#This Row],[Part Type]] -> Gasket | CG10: =GKT[[#This Row],[Description Name]] -> Old 1" One Ridge | CH10: =GKT[[#This Row],[UID]] -> GKT-Old1-2 | CL10: =IF(GKT[[#This Row],[Status]]=0,"",GKT[[#This Row],[Status]]) -> Active
A11: Active | B11: Gasket | C11: GKT-Old1-3 | D11: Old 1" Two Ridge | E11: Old 1" | F11: Ni 200/201 | G11: None | I11: 39995 | J11: 0 | K11: - | L11: - | M11: https://drive.google.com/open?id=1m0F7ruGYOBybuTxVWcUN-nK2-eA08t4v&authuser=jrd419%40lehigh.edu&usp=drive_fs | N11: Additional ridges have the intention to provide a better seal. Two 10 degree ridges provided to improve on the barrier for gas flow. Two designs tested to see which one works better. (Old1_2, Old1_3) | CB11: HPS | CC11: AC | CD11: Vessel | CF11: =GKT[[#This Row],[Part Type]] -> Gasket | CG11: =GKT[[#This Row],[Description Name]] -> Old 1" Two Ridge | CH11: =GKT[[#This Row],[UID]] -> GKT-Old1-3 | CL11: =IF(GKT[[#This Row],[Status]]=0,"",GKT[[#This Row],[Status]]) -> Active
A12: Retired | B12: Gasket | C12: GKT-2-1 | D12: 2" | E12: 2 inch | F12: Inconel 625 | G12: None | I12: 40179 | J12: 0 | K12: - | L12: - | M12: https://drive.google.com/open?id=17lPtP3TwopBAmOK6RjTBhdcmz5VjSvxb&authuser=jrd419%40lehigh.edu&usp=drive_fs | N12: Original | CB12: HPS | CC12: AC | CD12: Vessel | CF12: =GKT[[#This Row],[Part Type]] -> Gasket | CG12: =GKT[[#This Row],[Description Name]] -> 2" | CH12: =GKT[[#This Row],[UID]] -> GKT-2-1 | CL12: =IF(GKT[[#This Row],[Status]]=0,"",GKT[[#This Row],[Status]]) -> Retired
A13: Active | B13: Gasket | C13: GKT-Old1-4 | D13: Old 1" 625 | E13: Old 1" | F13: Inconel 625 | G13: None | I13: 41960 | J13: 0 | K13: - | L13: - | M13: https://drive.google.com/open?id=1R4oLJPU3F9zyBxg6ToefT5l3Co-ZV4I1&authuser=jrd419%40lehigh.edu&usp=drive_fs | N13: Changd Old1_1 design to be made out of Inc 625 to be compatible with high temperatures | CB13: HPS | CC13: AC | CD13: Vessel | CF13: =GKT[[#This Row],[Part Type]] -> Gasket | CG13: =GKT[[#This Row],[Description Name]] -> Old 1" 625 | CH13: =GKT[[#This Row],[UID]] -> GKT-Old1-4 | CL13: =IF(GKT[[#This Row],[Status]]=0,"",GKT[[#This Row],[Status]]) -> Active
A14: Active | B14: Gasket | C14: GKT-New1-6 | D14: New 1" Ni One Ridge Loose | E14: New 1" | F14: Inconel 625 | G14: None | I14: 40664 | J14: 3 | K14: - | L14: - | M14: https://drive.google.com/open?id=11YSGYqxzRHdmlyWx6hfaOZcLXn0jLYUq&authuser=jrd419%40lehigh.edu&usp=drive_fs | N14: Same as New1_4 except Inconel | CB14: HPS | CC14: AC | CD14: Vessel | CF14: =GKT[[#This Row],[Part Type]] -> Gasket | CG14: =GKT[[#This Row],[Description Name]] -> New 1" Ni One Ridge Loose | CH14: =GKT[[#This Row],[UID]] -> GKT-New1-6 | CL14: =IF(GKT[[#This Row],[Status]]=0,"",GKT[[#This Row],[Status]]) -> Active
A15: Active | B15: Gasket | C15: GKT-New1-5 | D15: New 1" Ni Slip Fit | E15: New 1" | F15: Ni 200/201 | G15: None | I15: 40647 | J15: 3 | K15: - | L15: - | M15: https://drive.google.com/open?id=1AHKQzRy6o5VQijrrLvQL6FuuGygkAjIh&authuser=jrd419%40lehigh.edu&usp=drive_fs | N15: Modifed edge, for P | CB15: HPS | CC15: AC | CD15: Vessel | CF15: =GKT[[#This Row],[Part Type]] -> Gasket | CG15: =GKT[[#This Row],[Description Name]] -> New 1" Ni Slip Fit | CH15: =GKT[[#This Row],[UID]] -> GKT-New1-5 | CL15: =IF(GKT[[#This Row],[Status]]=0,"",GKT[[#This Row],[Status]]) -> Active
... A19: Active | B19: Gasket | C19: GKT-SS-HIP | D19: SS Autoclave HIP | E19: SS HIP | F19: 300 SS | G19: None | I19: 39835 | J19: 4 | K19: - | L19: - | M19: https://drive.google.com/open?id=1Cz8hYzXueZE-nMj2JosqjLtxxuqopeux&authuser=jrd419%40lehigh.edu&usp=drive_fs | N19: B00318 | CB19: HPS | CC19: AC | CD19: Vessel | CF19: =GKT[[#This Row],[Part Type]] -> Gasket | CG19: =GKT[[#This Row],[Description Name]] -> SS Autoclave HIP | CH19: =GKT[[#This Row],[UID]] -> GKT-SS-HIP | CL19: =IF(GKT[[#This Row],[Status]]=0,"",GKT[[#This Row],[Status]]) -> Active
A20: Active | B20: Gasket | C20: GKT-TZM1-1 | D20: Std SS VCR 1/2" | E20: TZM-13-260-10 | F20: SS 316 | G20: None | H20: "{ "Axial Position (mm)": [0,0.2366,0.4733,0.71], "Cross-Sectional Area (mm^2)": [-210.36104408,98.1688014,-210.36104408,-210.36104408], "Contact Plane": ["MP-REST-S-v","SP-GASK-F-v","SP-GASK-F-^","MP-REST-S-^"], "Transition Model": ["Constant","Constant","Constant","Constant"] }" | I20: 220510 | J20: 20 | K20: - | L20: CC Swagelok | M20: - | N20: - | CB20: HPS | CC20: AC | CD20: Vessel | CF20: =GKT[[#This Row],[Part Type]] -> Gasket | CG20: =GKT[[#This Row],[Description Name]] -> Std SS VCR 1/2" | CH20: =GKT[[#This Row],[UID]] -> GKT-TZM1-1 | CL20: =IF(GKT[[#This Row],[Status]]=0,"",GKT[[#This Row],[Status]]) -> Active
A21: Active | B21: Gasket | C21: GKT-TZM1-2 | D21: Mo ID OD T | E21: TZM-13-260-10 | F21: Mo 99.95 | G21: None | I21: 220912 | J21: 10 | K21: - | L21: CC Thermoshield | M21: - | N21: - | CB21: HPS | CC21: AC | CD21: Vessel | CF21: =GKT[[#This Row],[Part Type]] -> Gasket | CG21: =GKT[[#This Row],[Description Name]] -> Mo ID OD T | CH21: =GKT[[#This Row],[UID]] -> GKT-TZM1-2 | CL21: =IF(GKT[[#This Row],[Status]]=0,"",GKT[[#This Row],[Status]]) -> Active
A22: Active | B22: Gasket | C22: GKT-Parr | E22: Parr 4" | M22: https://drive.google.com/open?id=1SiLNMuFYcr7wlVPzNkkXcVvHHqrw8UDd&authuser=jrd419%40lehigh.edu&usp=drive_fs | CB22: HPS | CC22: AC | CD22: Vessel | CF22: =GKT[[#This Row],[Part Type]] -> Gasket | CG22: =GKT[[#This Row],[Description Name]] -> 0 | CH22: =GKT[[#This Row],[UID]] -> GKT-Parr | CL22: =IF(GKT[[#This Row],[Status]]=0,"",GKT[[#This Row],[Status]]) -> Active
A23: New | B23: Gasket | C23: GKT-TM3-1 | D23: TZM 3" OD Top Gasket | E23: TZM 3" OD | F23: Niobium | G23: None | I23: 44956 | J23: 0 | K23: - | L23: - | CB23: HPS | CC23: AC | CD23: Vessel | CF23: =GKT[[#This Row],[Part Type]] -> Gasket | CG23: =GKT[[#This Row],[Description Name]] -> TZM 3" OD Top Gasket | CH23: =GKT[[#This Row],[UID]] -> GKT-TM3-1 | CL23: =IF(GKT[[#This Row],[Status]]=0,"",GKT[[#This Row],[Status]]) -> New
A24: New | B24: Gasket | C24: GKT-TM3-2 | D24: TZM 3" OD Bottom Gasket | E24: TZM 3" OD | F24: Niobium | G24: None | I24: 44956 | J24: 0 | K24: - | L24: - | CB24: HPS | CC24: AC | CD24: Vessel | CF24: =GKT[[#This Row],[Part Type]] -> Gasket | CG24: =GKT[[#This Row],[Description Name]] -> TZM 3" OD Bottom Gasket | CH24: =GKT[[#This Row],[UID]] -> GKT-TM3-2 | CL24: =IF(GKT[[#This Row],[Status]]=0,"",GKT[[#This Row],[Status]]) -> New
A25: New | B25: Gasket | C25: GKT-TM3-3 | D25: TZM 3.5" OD Top Gasket | E25: TZM 3.5" OD | F25: Mo 99.95 | G25: None | I25: 45678 | J25: 0 | CB25: HPS | CC25: AC | CD25: Vessel | CF25: =GKT[[#This Row],[Part Type]] -> Gasket | CG25: =GKT[[#This Row],[Description Name]] -> TZM 3.5" OD Top Gasket | CH25: =GKT[[#This Row],[UID]] -> GKT-TM3-3 | CL25: =IF(GKT[[#This Row],[Status]]=0,"",GKT[[#This Row],[Status]]) -> New
A26: New | B26: Gasket | C26: GKT-TM3-4 | D26: TZM 3.5" OD Bottom Gasket | E26: TZM 3.5" OD | F26: Mo 99.95 | G26: None | I26: 45678 | J26: 0 | CB26: HPS | CC26: AC | CD26: Vessel | CF26: =GKT[[#This Row],[Part Type]] -> Gasket | CG26: =GKT[[#This Row],[Description Name]] -> TZM 3.5" OD Bottom Gasket | CH26: =GKT[[#This Row],[UID]] -> GKT-TM3-4 | CL26: =IF(GKT[[#This Row],[Status]]=0,"",GKT[[#This Row],[Status]]) -> New
CB27: HPS | CC27: AC | CD27: Vessel | CF27: =GKT[[#This Row],[Part Type]] -> 0 | CG27: =GKT[[#This Row],[Description Name]] -> 0 | CH27: =GKT[[#This Row],[UID]] -> 0 | CL27: =IF(GKT[[#This Row],[Status]]=0,"",GKT[[#This Row],[Status]])
CB28: HPS | CC28: AC | CD28: Vessel | CF28: =GKT[[#This Row],[Part Type]] -> 0 | CG28: =GKT[[#This Row],[Description Name]] -> 0 | CH28: =GKT[[#This Row],[UID]] -> 0 | CL28: =IF(GKT[[#This Row],[Status]]=0,"",GKT[[#This Row],[Status]])
CB29: HPS | CC29: AC | CD29: Vessel | CF29: =GKT[[#This Row],[Part Type]] -> 0 | CG29: =GKT[[#This Row],[Description Name]] -> 0 | CH29: =GKT[[#This Row],[UID]] -> 0 | CL29: =IF(GKT[[#This Row],[Status]]=0,"",GKT[[#This Row],[Status]])
CB30: HPS | CC30: AC | CD30: Vessel | CF30: =GKT[[#This Row],[Part Type]] -> 0 | CG30: =GKT[[#This Row],[Description Name]] -> 0 | CH30: =GKT[[#This Row],[UID]] -> 0 | CL30: =IF(GKT[[#This Row],[Status]]=0,"",GKT[[#This Row],[Status]])
CB31: HPS | CC31: AC | CD31: Vessel | CF31: =GKT[[#This Row],[Part Type]] -> 0 | CG31: =GKT[[#This Row],[Description Name]] -> 0 | CH31: =GKT[[#This Row],[UID]] -> 0 | CL31: =IF(GKT[[#This Row],[Status]]=0,"",GKT[[#This Row],[Status]])
CB32: HPS | CC32: AC | CD32: Vessel | CF32: =GKT[[#This Row],[Part Type]] -> 0 | CG32: =GKT[[#This Row],[Description Name]] -> 0 | CH32: =GKT[[#This Row],[UID]] -> 0 | CL32: =IF(GKT[[#This Row],[Status]]=0,"",GKT[[#This Row],[Status]])
CB33: HPS | CC33: AC | CD33: Vessel | CF33: =GKT[[#This Row],[Part Type]] -> 0 | CG33: =GKT[[#This Row],[Description Name]] -> 0 | CH33: =GKT[[#This Row],[UID]] -> 0 | CL33: =IF(GKT[[#This Row],[Status]]=0,"",GKT[[#This Row],[Status]])
CB34: HPS | CC34: AC | CD34: Vessel | CF34: =GKT[[#This Row],[Part Type]] -> 0 | CG34: =GKT[[#This Row],[Description Name]] -> 0 | CH34: =GKT[[#This Row],[UID]] -> 0 | CL34: =IF(GKT[[#This Row],[Status]]=0,"",GKT[[#This Row],[Status]])
CB35: HPS | CC35: AC | CD35: Vessel | CF35: =GKT[[#This Row],[Part Type]] -> 0 | CG35: =GKT[[#This Row],[Description Name]] -> 0 | CH35: =GKT[[#This Row],[UID]] -> 0 | CL35: =IF(GKT[[#This Row],[Status]]=0,"",GKT[[#This Row],[Status]])
CB36: HPS | CC36: AC | CD36: Vessel | CF36: =GKT[[#This Row],[Part Type]] -> 0 | CG36: =GKT[[#This Row],[Description Name]] -> 0 | CH36: =GKT[[#This Row],[UID]] -> 0 | CL36: =IF(GKT[[#This Row],[Status]]=0,"",GKT[[#This Row],[Status]])
CB37: HPS | CC37: AC | CD37: Vessel | CF37: =GKT[[#This Row],[Part Type]] -> 0 | CG37: =GKT[[#This Row],[Description Name]] -> 0 | CH37: =GKT[[#This Row],[UID]] -> 0 | CL37: =IF(GKT[[#This Row],[Status]]=0,"",GKT[[#This Row],[Status]])
CB38: HPS | CC38: AC | CD38: Vessel | CF38: =GKT[[#This Row],[Part Type]] -> 0 | CG38: =GKT[[#This Row],[Description Name]] -> 0 | CH38: =GKT[[#This Row],[UID]] -> 0 | CL38: =IF(GKT[[#This Row],[Status]]=0,"",GKT[[#This Row],[Status]])
... CB101: HPS | CC101: AC | CD101: Vessel | CF101: =GKT[[#This Row],[Part Type]] -> 0 | CG101: =GKT[[#This Row],[Description Name]] -> 0 | CH101: =GKT[[#This Row],[UID]] -> 0 | CL101: =IF(GKT[[#This Row],[Status]]=0,"",GKT[[#This Row],[Status]])

Sheet GN
A1: Status | B1: Part Type | C1: UID | D1: Name | E1: Location | F1: Pressure Design (MPa) | G1: Pressure Design (psi) | H1: Temperature Design (C) | I1: Reactor Body Material | J1: Heat Treatment | K1: Corrosion | L1: Mass Measurement Date | M1: Mass (g) | N1: Body Thread | O1: Bolt Thread | P1: Link To Schematic Drawing | BZ1: EXP Style | CA1: Setup Location | CB1: Setup Sub-Location | CC1: Sub-Setup Assembly | CD1: IO type | CE1: Zone | CF1: Device Type | CG1: Device Tag | CH1: Device Location | CI1: Circuit | CJ1: Power Source | CK1: Status
A2: Active | B2: Grand Nut | C2: GN-A | D2: Old 1" | E2: Lehigh | F2: 250 | G2: 36259 | H2: 575 | I2: Rene 41 | J2: Precipitation Hardened | K2: None Observed | L2: 230226 | M2: 1368.469 | N2: ACME 2"-5 | O2: 7/16-14 | P2: https://drive.google.com/open?id=1EYOLx524viTARwELuurNhEQmJoj6eMZb&authuser=jrd419%40lehigh.edu&usp=drive_fs | BZ2: Table Format | CA2: HPS | CB2: AC | CC2: Vessel | CE2: =IF(GN[[#This Row],[Part Type]]=0,"",GN[[#This Row],[Part Type]]) -> Grand Nut | CF2: =IF(GN[[#This Row],[Name]]=0,"",GN[[#This Row],[Name]]) -> Old 1" | CG2: =GN[[#This Row],[UID]] -> GN-A | CK2: =IF(GN[[#This Row],[Status]]=0,"",GN[[#This Row],[Status]]) -> Active
A3: Active | B3: Grand Nut | C3: GN-B | D3: Short 1" - Rene 41 | E3: Lehigh | F3: 250 | G3: 36259 | H3: 575 | I3: Rene 41 | J3: Precipitation Hardened | K3: None Observed | L3: 230226 | M3: 1347.856 | N3: ACME 2"-5 | O3: 7/16-14 | P3: https://drive.google.com/open?id=12VXsR5wZ2EJWMuvo-lTkzbdP_tqeneW1&authuser=jrd419%40lehigh.edu&usp=drive_fs | CA3: HPS | CB3: AC | CC3: Vessel | CE3: =IF(GN[[#This Row],[Part Type]]=0,"",GN[[#This Row],[Part Type]]) -> Grand Nut | CF3: =IF(GN[[#This Row],[Name]]=0,"",GN[[#This Row],[Name]]) -> Short 1" - Rene 41 | CG3: =GN[[#This Row],[UID]] -> GN-B | CK3: =IF(GN[[#This Row],[Status]]=0,"",GN[[#This Row],[Status]]) -> Active
A4: Active | B4: Grand Nut | C4: GN-C | D4: Short 1" - Rene 41 | E4: Lehigh | F4: 250 | G4: 36259 | H4: 575 | I4: Rene 41 | J4: Precipitation Hardened | K4: None Observed | L4: 230226 | M4: 1348.077 | N4: ACME 2"-5 | O4: 7/16-14 | P4: https://drive.google.com/open?id=12VXsR5wZ2EJWMuvo-lTkzbdP_tqeneW1&authuser=jrd419%40lehigh.edu&usp=drive_fs | CA4: HPS | CB4: AC | CC4: Vessel | CE4: =IF(GN[[#This Row],[Part Type]]=0,"",GN[[#This Row],[Part Type]]) -> Grand Nut | CF4: =IF(GN[[#This Row],[Name]]=0,"",GN[[#This Row],[Name]]) -> Short 1" - Rene 41 | CG4: =GN[[#This Row],[UID]] -> GN-C | CK4: =IF(GN[[#This Row],[Status]]=0,"",GN[[#This Row],[Status]]) -> Active
A5: Active | B5: Grand Nut | C5: GN-D | D5: Short 1" - Rene 41 | E5: Lehigh | F5: 250 | G5: 36259 | H5: 575 | I5: Rene 41 | J5: Precipitation Hardened | K5: None Observed | L5: 230226 | M5: 1350.792 | N5: ACME 2"-5 | O5: 7/16-14 | P5: https://drive.google.com/open?id=12VXsR5wZ2EJWMuvo-lTkzbdP_tqeneW1&authuser=jrd419%40lehigh.edu&usp=drive_fs | CA5: HPS | CB5: AC | CC5: Vessel | CE5: =IF(GN[[#This Row],[Part Type]]=0,"",GN[[#This Row],[Part Type]]) -> Grand Nut | CF5: =IF(GN[[#This Row],[Name]]=0,"",GN[[#This Row],[Name]]) -> Short 1" - Rene 41 | CG5: =GN[[#This Row],[UID]] -> GN-D | CK5: =IF(GN[[#This Row],[Status]]=0,"",GN[[#This Row],[Status]]) -> Active
A6: Active | B6: Grand Nut | C6: GN-E | D6: Short 1" - Inconel | E6: Lehigh | F6: 100 | G6: 14504 | H6: 575 | I6: Inconel 625 | J6: None | K6: None Observed | L6: 230226 | M6: 1396.318 | N6: ACME 2"-5 | O6: 7/16-14 | P6: https://drive.google.com/open?id=12VXsR5wZ2EJWMuvo-lTkzbdP_tqeneW1&authuser=jrd419%40lehigh.edu&usp=drive_fs | CA6: HPS | CB6: AC | CC6: Vessel | CE6: =IF(GN[[#This Row],[Part Type]]=0,"",GN[[#This Row],[Part Type]]) -> Grand Nut | CF6: =IF(GN[[#This Row],[Name]]=0,"",GN[[#This Row],[Name]]) -> Short 1" - Inconel | CG6: =GN[[#This Row],[UID]] -> GN-E | CK6: =IF(GN[[#This Row],[Status]]=0,"",GN[[#This Row],[Status]]) -> Active
A7: Active | B7: Grand Nut | C7: GN-F | D7: Short 1" - Inconel | E7: Lehigh | F7: 100 | G7: 14504 | H7: 575 | I7: Inconel 625 | J7: None | K7: None Observed | L7: 230226 | M7: 1395.286 | N7: ACME 2"-5 | O7: 7/16-14 | P7: https://drive.google.com/open?id=12VXsR5wZ2EJWMuvo-lTkzbdP_tqeneW1&authuser=jrd419%40lehigh.edu&usp=drive_fs | CA7: HPS | CB7: AC | CC7: Vessel | CE7: =IF(GN[[#This Row],[Part Type]]=0,"",GN[[#This Row],[Part Type]]) -> Grand Nut | CF7: =IF(GN[[#This Row],[Name]]=0,"",GN[[#This Row],[Name]]) -> Short 1" - Inconel | CG7: =GN[[#This Row],[UID]] -> GN-F | CK7: =IF(GN[[#This Row],[Status]]=0,"",GN[[#This Row],[Status]]) -> Active
A8: Active | B8: Grand Nut | C8: GN-G | D8: Short 1" - Inconel | E8: Lehigh | F8: 100 | G8: 14504 | H8: 575 | I8: Inconel 625 | J8: None | K8: None Observed | L8: 230226 | M8: 1399.84 | N8: ACME 2"-5 | O8: 7/16-14 | P8: https://drive.google.com/open?id=12VXsR5wZ2EJWMuvo-lTkzbdP_tqeneW1&authuser=jrd419%40lehigh.edu&usp=drive_fs | CA8: HPS | CB8: AC | CC8: Vessel | CE8: =IF(GN[[#This Row],[Part Type]]=0,"",GN[[#This Row],[Part Type]]) -> Grand Nut | CF8: =IF(GN[[#This Row],[Name]]=0,"",GN[[#This Row],[Name]]) -> Short 1" - Inconel | CG8: =GN[[#This Row],[UID]] -> GN-G | CK8: =IF(GN[[#This Row],[Status]]=0,"",GN[[#This Row],[Status]]) -> Active
A9: Active | B9: Grand Nut | C9: GN-H | D9: SS | E9: Lehigh | F9: 80 | G9: 11603 | H9: 420 | I9: SS 316 | J9: Unknown | K9: None Observed | L9: 230226 | M9: 2263.205 | N9: ACME 2.5"-4 | O9: 1/2"-24 | P9: https://drive.google.com/open?id=1Cz8hYzXueZE-nMj2JosqjLtxxuqopeux&authuser=jrd419%40lehigh.edu&usp=drive_fs | CA9: HPS | CB9: AC | CC9: Vessel | CE9: =IF(GN[[#This Row],[Part Type]]=0,"",GN[[#This Row],[Part Type]]) -> Grand Nut | CF9: =IF(GN[[#This Row],[Name]]=0,"",GN[[#This Row],[Name]]) -> SS | CG9: =GN[[#This Row],[UID]] -> GN-H | CK9: =IF(GN[[#This Row],[Status]]=0,"",GN[[#This Row],[Status]]) -> Active
A10: UCSB | B10: Grand Nut | C10: GN-K | D10: 400 MPa | E10: UCSB | F10: 400 | G10: 58015 | H10: 600 | I10: Rene 41 | J10: Precipitation Hardened | K10: None Observed | L10: - | M10: - | N10: 1 1/8-12UNF-2B | O10: none | P10: https://drive.google.com/open?id=11OuxgdP-zVwkADHmmlv9sJIlVcsHmkZ_&authuser=jrd419%40lehigh.edu&usp=drive_fs | CA10: HPS | CB10: AC | CC10: Vessel | CE10: =IF(GN[[#This Row],[Part Type]]=0,"",GN[[#This Row],[Part Type]]) -> Grand Nut | CF10: =IF(GN[[#This Row],[Name]]=0,"",GN[[#This Row],[Name]]) -> 400 MPa | CG10: =GN[[#This Row],[UID]] -> GN-K | CK10: =IF(GN[[#This Row],[Status]]=0,"",GN[[#This Row],[Status]]) -> UCSB
A11: UCSB | B11: Grand Nut | C11: GN-L | D11: 400 MPa | E11: UCSB | F11: 400 | G11: 58015 | H11: 600 | I11: Rene 41 | J11: Precipitation Hardened | K11: None Observed | L11: - | M11: - | N11: 1 1/8-12UNF-2B | O11: none | P11: https://drive.google.com/open?id=11OuxgdP-zVwkADHmmlv9sJIlVcsHmkZ_&authuser=jrd419%40lehigh.edu&usp=drive_fs | CA11: HPS | CB11: AC | CC11: Vessel | CE11: =IF(GN[[#This Row],[Part Type]]=0,"",GN[[#This Row],[Part Type]]) -> Grand Nut | CF11: =IF(GN[[#This Row],[Name]]=0,"",GN[[#This Row],[Name]]) -> 400 MPa | CG11: =GN[[#This Row],[UID]] -> GN-L | CK11: =IF(GN[[#This Row],[Status]]=0,"",GN[[#This Row],[Status]]) -> UCSB
A12: UCSB | B12: Grand Nut | C12: GN-M | D12: New 1" | E12: UCSB | F12: 200 | G12: 29008 | H12: 600 | I12: Rene 41 | J12: Precipitation Hardened | K12: None Observed | L12: - | M12: - | N12: M60x4 | O12: 1/2-13 UNC | P12: https://drive.google.com/open?id=1RVK1kou5_J9wIBU9j8pU5mCGoiTJSTUO&authuser=jrd419%40lehigh.edu&usp=drive_fs | CA12: HPS | CB12: AC | CC12: Vessel | CE12: =IF(GN[[#This Row],[Part Type]]=0,"",GN[[#This Row],[Part Type]]) -> Grand Nut | CF12: =IF(GN[[#This Row],[Name]]=0,"",GN[[#This Row],[Name]]) -> New 1" | CG12: =GN[[#This Row],[UID]] -> GN-M | CK12: =IF(GN[[#This Row],[Status]]=0,"",GN[[#This Row],[Status]]) -> UCSB
A13: UCSB | B13: Grand Nut | C13: GN-N | D13: New 1" | E13: UCSB | F13: 200 | G13: 29008 | H13: 600 | I13: Rene 41 | J13: Precipitation Hardened | K13: None Observed | L13: - | M13: - | N13: M60x4 | O13: 1/2-13 UNC | P13: https://drive.google.com/open?id=1RVK1kou5_J9wIBU9j8pU5mCGoiTJSTUO&authuser=jrd419%40lehigh.edu&usp=drive_fs | CA13: HPS | CB13: AC | CC13: Vessel | CE13: =IF(GN[[#This Row],[Part Type]]=0,"",GN[[#This Row],[Part Type]]) -> Grand Nut | CF13: =IF(GN[[#This Row],[Name]]=0,"",GN[[#This Row],[Name]]) -> New 1" | CG13: =GN[[#This Row],[UID]] -> GN-N | CK13: =IF(GN[[#This Row],[Status]]=0,"",GN[[#This Row],[Status]]) -> UCSB
A14: Active | B14: Grand Nut | C14: GN-P | D14: New 1" | E14: Lehigh | F14: 200 | G14: 29008 | H14: 600 | I14: Rene 41 | J14: Precipitation Hardened | K14: None Observed | L14: 221015 | M14: 2306.65 | N14: M60x4 | O14: 1/2-13 UNC | P14: https://drive.google.com/open?id=1RVK1kou5_J9wIBU9j8pU5mCGoiTJSTUO&authuser=jrd419%40lehigh.edu&usp=drive_fs | CA14: HPS | CB14: AC | CC14: Vessel | CE14: =IF(GN[[#This Row],[Part Type]]=0,"",GN[[#This Row],[Part Type]]) -> Grand Nut | CF14: =IF(GN[[#This Row],[Name]]=0,"",GN[[#This Row],[Name]]) -> New 1" | CG14: =GN[[#This Row],[UID]] -> GN-P | CK14: =IF(GN[[#This Row],[Status]]=0,"",GN[[#This Row],[Status]]) -> Active
A15: Active | B15: Grand Nut | C15: GN-Q | D15: New 1" | E15: Lehigh | F15: 200 | G15: 29008 | H15: 600 | I15: Rene 41 | J15: Precipitation Hardened | K15: None Observed | L15: 221015 | M15: 2308.33 | N15: M60x4 | O15: 1/2-13 UNC | P15: https://drive.google.com/open?id=1RVK1kou5_J9wIBU9j8pU5mCGoiTJSTUO&authuser=jrd419%40lehigh.edu&usp=drive_fs | CA15: HPS | CB15: AC | CC15: Vessel | CE15: =IF(GN[[#This Row],[Part Type]]=0,"",GN[[#This Row],[Part Type]]) -> Grand Nut | CF15: =IF(GN[[#This Row],[Name]]=0,"",GN[[#This Row],[Name]]) -> New 1" | CG15: =GN[[#This Row],[UID]] -> GN-Q | CK15: =IF(GN[[#This Row],[Status]]=0,"",GN[[#This Row],[Status]]) -> Active
A16: Active | B16: Grand Nut | C16: GN-R | D16: New 1" | E16: Lehigh | F16: 200 | G16: 29008 | H16: 600 | I16: Rene 41 | J16: Precipitation Hardened | K16: None Observed | L16: 221015 | M16: 2308.87 | N16: M60x4 | O16: 1/2-13 UNC | P16: https://drive.google.com/open?id=1RVK1kou5_J9wIBU9j8pU5mCGoiTJSTUO&authuser=jrd419%40lehigh.edu&usp=drive_fs | CA16: HPS | CB16: AC | CC16: Vessel | CE16: =IF(GN[[#This Row],[Part Type]]=0,"",GN[[#This Row],[Part Type]]) -> Grand Nut | CF16: =IF(GN[[#This Row],[Name]]=0,"",GN[[#This Row],[Name]]) -> New 1" | CG16: =GN[[#This Row],[UID]] -> GN-R | CK16: =IF(GN[[#This Row],[Status]]=0,"",GN[[#This Row],[Status]]) -> Active
A17: UCSB | B17: Grand Nut | C17: GN-Z | D17: 2" | E17: UCSB | F17: 270 | G17: 43511 | H17: 600 | I17: Rene 41 | J17: Precipitation Hardened | K17: None Observed | L17: - | M17: - | N17: - | O17: - | P17: https://drive.google.com/open?id=17dpuFrile5NSBt6BS9v12_d4r_ignO75&authuser=jrd419%40lehigh.edu&usp=drive_fs | CA17: HPS | CB17: AC | CC17: Vessel | CE17: =IF(GN[[#This Row],[Part Type]]=0,"",GN[[#This Row],[Part Type]]) -> Grand Nut | CF17: =IF(GN[[#This Row],[Name]]=0,"",GN[[#This Row],[Name]]) -> 2" | CG17: =GN[[#This Row],[UID]] -> GN-Z | CK17: =IF(GN[[#This Row],[Status]]=0,"",GN[[#This Row],[Status]]) -> UCSB
A18: Active | B18: Grand Nut | C18: GN-S | D18: New 1" | E18: Lehigh | F18: 200 | G18: 29008 | H18: 600 | I18: Rene 41 | J18: Precipitation Hardened | K18: None Observed | L18: 230226 | M18: 2305.315 | N18: M60x4 | O18: 1/2-13 UNC | P18: https://drive.google.com/open?id=1RVK1kou5_J9wIBU9j8pU5mCGoiTJSTUO&authuser=jrd419%40lehigh.edu&usp=drive_fs | CA18: HPS | CB18: AC | CC18: Vessel | CE18: =IF(GN[[#This Row],[Part Type]]=0,"",GN[[#This Row],[Part Type]]) -> Grand Nut | CF18: =IF(GN[[#This Row],[Name]]=0,"",GN[[#This Row],[Name]]) -> New 1" | CG18: =GN[[#This Row],[UID]] -> GN-S | CK18: =IF(GN[[#This Row],[Status]]=0,"",GN[[#This Row],[Status]]) -> Active
A19: Active | B19: Grand Nut | C19: GN-Parr | D19: Parr 4" | E19: Lehigh | N19: - | O19: - | P19: https://drive.google.com/open?id=1SiLNMuFYcr7wlVPzNkkXcVvHHqrw8UDd&authuser=jrd419%40lehigh.edu&usp=drive_fs | CA19: HPS | CB19: AC | CC19: Vessel | CE19: =IF(GN[[#This Row],[Part Type]]=0,"",GN[[#This Row],[Part Type]]) -> Grand Nut | CF19: =IF(GN[[#This Row],[Name]]=0,"",GN[[#This Row],[Name]]) -> Parr 4" | CG19: =GN[[#This Row],[UID]] -> GN-Parr | CK19: =IF(GN[[#This Row],[Status]]=0,"",GN[[#This Row],[Status]]) -> Active
A20: New | B20: Grand Nut | C20: GN-AD | D20: TZM 3" | E20: Lehigh | F20: 200 | G20: 29008 | H20: 650 | I20: TZM | J20: Stress Relieved | N20: - | O20: 9/16-18 UNC | CA20: HPS | CB20: AC | CC20: Vessel | CE20: =IF(GN[[#This Row],[Part Type]]=0,"",GN[[#This Row],[Part Type]]) -> Grand Nut | CF20: =IF(GN[[#This Row],[Name]]=0,"",GN[[#This Row],[Name]]) -> TZM 3" | CG20: =GN[[#This Row],[UID]] -> GN-AD | CK20: =IF(GN[[#This Row],[Status]]=0,"",GN[[#This Row],[Status]]) -> New
A21: New | B21: Grand Nut | C21: GN-AE | D21: TZM 3" | E21: Lehigh | F21: 200 | G21: 29008 | H21: 650 | I21: TZM | J21: Stress Relieved | O21: 9/16-18 UNC | CA21: HPS | CB21: AC | CC21: Vessel | CE21: =IF(GN[[#This Row],[Part Type]]=0,"",GN[[#This Row],[Part Type]]) -> Grand Nut | CF21: =IF(GN[[#This Row],[Name]]=0,"",GN[[#This Row],[Name]]) -> TZM 3" | CG21: =GN[[#This Row],[UID]] -> GN-AE | CK21: =IF(GN[[#This Row],[Status]]=0,"",GN[[#This Row],[Status]]) -> New
A22: New | B22: Grand Nut | C22: GN-AF | D22: TZM 3.5" | E22: Lehigh | F22: 10 | G22: 1400 | H22: 1050 | I22: TZM | J22: Stress Relieved | O22: 1/2-13 UNC | CA22: HPS | CB22: AC | CC22: Vessel | CE22: =IF(GN[[#This Row],[Part Type]]=0,"",GN[[#This Row],[Part Type]]) -> Grand Nut | CF22: =IF(GN[[#This Row],[Name]]=0,"",GN[[#This Row],[Name]]) -> TZM 3.5" | CG22: =GN[[#This Row],[UID]] -> GN-AF | CK22: =IF(GN[[#This Row],[Status]]=0,"",GN[[#This Row],[Status]]) -> New
CA23: HPS | CB23: AC | CC23: Vessel | CE23: =IF(GN[[#This Row],[Part Type]]=0,"",GN[[#This Row],[Part Type]]) | CF23: =IF(GN[[#This Row],[Name]]=0,"",GN[[#This Row],[Name]]) | CG23: =GN[[#This Row],[UID]] -> 0 | CK23: =IF(GN[[#This Row],[Status]]=0,"",GN[[#This Row],[Status]])
CA24: HPS | CB24: AC | CC24: Vessel | CE24: =IF(GN[[#This Row],[Part Type]]=0,"",GN[[#This Row],[Part Type]]) | CF24: =IF(GN[[#This Row],[Name]]=0,"",GN[[#This Row],[Name]]) | CG24: =GN[[#This Row],[UID]] -> 0 | CK24: =IF(GN[[#This Row],[Status]]=0,"",GN[[#This Row],[Status]])
CA25: HPS | CB25: AC | CC25: Vessel | CE25: =IF(GN[[#This Row],[Part Type]]=0,"",GN[[#This Row],[Part Type]]) | CF25: =IF(GN[[#This Row],[Name]]=0,"",GN[[#This Row],[Name]]) | CG25: =GN[[#This Row],[UID]] -> 0 | CK25: =IF(GN[[#This Row],[Status]]=0,"",GN[[#This Row],[Status]])
